ISO-10303-21;
HEADER;
/* Generated by software containing ST-Developer
 * from STEP Tools, Inc. (www.steptools.com) 
 */

FILE_DESCRIPTION(
/* description */ (''),
/* implementation_level */ '2;1');

FILE_NAME(
/* name */ 'CASE bottom(STEP).step',
/* time_stamp */ '2026-08-19T01:48:24+05:30',
/* author */ (''),
/* organization */ (''),
/* preprocessor_version */ 'ST-DEVELOPER v20.1',
/* originating_system */ 'Autodesk Translation Framework v15.8.0.0',
/* authorisation */ '');

FILE_SCHEMA (('AUTOMOTIVE_DESIGN { 1 0 10303 214 3 1 1 }'));
ENDSEC;

DATA;
#10=MECHANICAL_DESIGN_GEOMETRIC_PRESENTATION_REPRESENTATION('',(#13,#14),
#2451);
#11=SHAPE_REPRESENTATION_RELATIONSHIP('SRR','None',#2458,#12);
#12=ADVANCED_BREP_SHAPE_REPRESENTATION('',(#15,#16),#2450);
#13=STYLED_ITEM('',(#2467),#15);
#14=STYLED_ITEM('',(#2467),#16);
#15=MANIFOLD_SOLID_BREP('Body1',#1478);
#16=MANIFOLD_SOLID_BREP('Body2',#1479);
#17=FACE_BOUND('',#186,.T.);
#18=FACE_BOUND('',#189,.T.);
#19=FACE_BOUND('',#192,.T.);
#20=FACE_BOUND('',#198,.T.);
#21=FACE_BOUND('',#199,.T.);
#22=FACE_BOUND('',#200,.T.);
#23=FACE_BOUND('',#224,.T.);
#24=FACE_BOUND('',#227,.T.);
#25=FACE_BOUND('',#228,.T.);
#26=FACE_BOUND('',#262,.T.);
#27=FACE_BOUND('',#264,.T.);
#28=FACE_BOUND('',#265,.T.);
#29=FACE_BOUND('',#268,.T.);
#30=FACE_BOUND('',#269,.T.);
#31=FACE_BOUND('',#271,.T.);
#32=FACE_BOUND('',#272,.T.);
#33=FACE_BOUND('',#274,.T.);
#34=FACE_BOUND('',#275,.T.);
#35=FACE_BOUND('',#276,.T.);
#36=FACE_BOUND('',#277,.T.);
#37=FACE_BOUND('',#278,.T.);
#38=FACE_BOUND('',#280,.T.);
#39=PLANE('',#1496);
#40=PLANE('',#1500);
#41=PLANE('',#1504);
#42=PLANE('',#1508);
#43=PLANE('',#1512);
#44=PLANE('',#1516);
#45=PLANE('',#1517);
#46=PLANE('',#1518);
#47=PLANE('',#1519);
#48=PLANE('',#1520);
#49=PLANE('',#1521);
#50=PLANE('',#1522);
#51=PLANE('',#1526);
#52=PLANE('',#1530);
#53=PLANE('',#1534);
#54=PLANE('',#1538);
#55=PLANE('',#1539);
#56=PLANE('',#1540);
#57=PLANE('',#1541);
#58=PLANE('',#1542);
#59=PLANE('',#1543);
#60=PLANE('',#1544);
#61=PLANE('',#1545);
#62=PLANE('',#1546);
#63=PLANE('',#1547);
#64=PLANE('',#1548);
#65=PLANE('',#1549);
#66=PLANE('',#1550);
#67=PLANE('',#1551);
#68=PLANE('',#1552);
#69=PLANE('',#1560);
#70=PLANE('',#1564);
#71=PLANE('',#1568);
#72=PLANE('',#1572);
#73=PLANE('',#1576);
#74=PLANE('',#1580);
#75=PLANE('',#1584);
#76=PLANE('',#1588);
#77=PLANE('',#1592);
#78=PLANE('',#1595);
#79=PLANE('',#1598);
#80=PLANE('',#1601);
#81=PLANE('',#1604);
#82=PLANE('',#1605);
#83=PLANE('',#1606);
#84=PLANE('',#1607);
#85=PLANE('',#1608);
#86=PLANE('',#1609);
#87=PLANE('',#1610);
#88=PLANE('',#1611);
#89=PLANE('',#1612);
#90=PLANE('',#1613);
#91=PLANE('',#1614);
#92=PLANE('',#1615);
#93=PLANE('',#1616);
#94=PLANE('',#1617);
#95=PLANE('',#1618);
#96=PLANE('',#1619);
#97=FACE_OUTER_BOUND('',#178,.T.);
#98=FACE_OUTER_BOUND('',#179,.T.);
#99=FACE_OUTER_BOUND('',#180,.T.);
#100=FACE_OUTER_BOUND('',#181,.T.);
#101=FACE_OUTER_BOUND('',#182,.T.);
#102=FACE_OUTER_BOUND('',#183,.T.);
#103=FACE_OUTER_BOUND('',#184,.T.);
#104=FACE_OUTER_BOUND('',#185,.T.);
#105=FACE_OUTER_BOUND('',#187,.T.);
#106=FACE_OUTER_BOUND('',#188,.T.);
#107=FACE_OUTER_BOUND('',#190,.T.);
#108=FACE_OUTER_BOUND('',#191,.T.);
#109=FACE_OUTER_BOUND('',#193,.T.);
#110=FACE_OUTER_BOUND('',#194,.T.);
#111=FACE_OUTER_BOUND('',#195,.T.);
#112=FACE_OUTER_BOUND('',#196,.T.);
#113=FACE_OUTER_BOUND('',#197,.T.);
#114=FACE_OUTER_BOUND('',#201,.T.);
#115=FACE_OUTER_BOUND('',#202,.T.);
#116=FACE_OUTER_BOUND('',#203,.T.);
#117=FACE_OUTER_BOUND('',#204,.T.);
#118=FACE_OUTER_BOUND('',#205,.T.);
#119=FACE_OUTER_BOUND('',#206,.T.);
#120=FACE_OUTER_BOUND('',#207,.T.);
#121=FACE_OUTER_BOUND('',#208,.T.);
#122=FACE_OUTER_BOUND('',#209,.T.);
#123=FACE_OUTER_BOUND('',#210,.T.);
#124=FACE_OUTER_BOUND('',#211,.T.);
#125=FACE_OUTER_BOUND('',#212,.T.);
#126=FACE_OUTER_BOUND('',#213,.T.);
#127=FACE_OUTER_BOUND('',#214,.T.);
#128=FACE_OUTER_BOUND('',#215,.T.);
#129=FACE_OUTER_BOUND('',#216,.T.);
#130=FACE_OUTER_BOUND('',#217,.T.);
#131=FACE_OUTER_BOUND('',#218,.T.);
#132=FACE_OUTER_BOUND('',#219,.T.);
#133=FACE_OUTER_BOUND('',#220,.T.);
#134=FACE_OUTER_BOUND('',#221,.T.);
#135=FACE_OUTER_BOUND('',#222,.T.);
#136=FACE_OUTER_BOUND('',#223,.T.);
#137=FACE_OUTER_BOUND('',#225,.T.);
#138=FACE_OUTER_BOUND('',#226,.T.);
#139=FACE_OUTER_BOUND('',#229,.T.);
#140=FACE_OUTER_BOUND('',#230,.T.);
#141=FACE_OUTER_BOUND('',#231,.T.);
#142=FACE_OUTER_BOUND('',#232,.T.);
#143=FACE_OUTER_BOUND('',#233,.T.);
#144=FACE_OUTER_BOUND('',#234,.T.);
#145=FACE_OUTER_BOUND('',#235,.T.);
#146=FACE_OUTER_BOUND('',#236,.T.);
#147=FACE_OUTER_BOUND('',#237,.T.);
#148=FACE_OUTER_BOUND('',#238,.T.);
#149=FACE_OUTER_BOUND('',#239,.T.);
#150=FACE_OUTER_BOUND('',#240,.T.);
#151=FACE_OUTER_BOUND('',#241,.T.);
#152=FACE_OUTER_BOUND('',#242,.T.);
#153=FACE_OUTER_BOUND('',#243,.T.);
#154=FACE_OUTER_BOUND('',#244,.T.);
#155=FACE_OUTER_BOUND('',#245,.T.);
#156=FACE_OUTER_BOUND('',#246,.T.);
#157=FACE_OUTER_BOUND('',#247,.T.);
#158=FACE_OUTER_BOUND('',#248,.T.);
#159=FACE_OUTER_BOUND('',#249,.T.);
#160=FACE_OUTER_BOUND('',#250,.T.);
#161=FACE_OUTER_BOUND('',#251,.T.);
#162=FACE_OUTER_BOUND('',#252,.T.);
#163=FACE_OUTER_BOUND('',#253,.T.);
#164=FACE_OUTER_BOUND('',#254,.T.);
#165=FACE_OUTER_BOUND('',#255,.T.);
#166=FACE_OUTER_BOUND('',#256,.T.);
#167=FACE_OUTER_BOUND('',#257,.T.);
#168=FACE_OUTER_BOUND('',#258,.T.);
#169=FACE_OUTER_BOUND('',#259,.T.);
#170=FACE_OUTER_BOUND('',#260,.T.);
#171=FACE_OUTER_BOUND('',#261,.T.);
#172=FACE_OUTER_BOUND('',#263,.T.);
#173=FACE_OUTER_BOUND('',#266,.T.);
#174=FACE_OUTER_BOUND('',#267,.T.);
#175=FACE_OUTER_BOUND('',#270,.T.);
#176=FACE_OUTER_BOUND('',#273,.T.);
#177=FACE_OUTER_BOUND('',#279,.T.);
#178=EDGE_LOOP('',(#972,#973,#974,#975));
#179=EDGE_LOOP('',(#976));
#180=EDGE_LOOP('',(#977,#978,#979,#980));
#181=EDGE_LOOP('',(#981));
#182=EDGE_LOOP('',(#982,#983,#984,#985));
#183=EDGE_LOOP('',(#986));
#184=EDGE_LOOP('',(#987,#988,#989,#990));
#185=EDGE_LOOP('',(#991));
#186=EDGE_LOOP('',(#992));
#187=EDGE_LOOP('',(#993,#994,#995,#996));
#188=EDGE_LOOP('',(#997));
#189=EDGE_LOOP('',(#998));
#190=EDGE_LOOP('',(#999,#1000,#1001,#1002));
#191=EDGE_LOOP('',(#1003));
#192=EDGE_LOOP('',(#1004));
#193=EDGE_LOOP('',(#1005,#1006,#1007,#1008));
#194=EDGE_LOOP('',(#1009,#1010,#1011,#1012));
#195=EDGE_LOOP('',(#1013,#1014,#1015,#1016));
#196=EDGE_LOOP('',(#1017,#1018,#1019,#1020));
#197=EDGE_LOOP('',(#1021,#1022,#1023,#1024));
#198=EDGE_LOOP('',(#1025));
#199=EDGE_LOOP('',(#1026));
#200=EDGE_LOOP('',(#1027));
#201=EDGE_LOOP('',(#1028,#1029,#1030,#1031));
#202=EDGE_LOOP('',(#1032,#1033,#1034,#1035));
#203=EDGE_LOOP('',(#1036));
#204=EDGE_LOOP('',(#1037,#1038,#1039,#1040));
#205=EDGE_LOOP('',(#1041));
#206=EDGE_LOOP('',(#1042,#1043,#1044,#1045));
#207=EDGE_LOOP('',(#1046));
#208=EDGE_LOOP('',(#1047,#1048,#1049,#1050));
#209=EDGE_LOOP('',(#1051));
#210=EDGE_LOOP('',(#1052,#1053,#1054,#1055));
#211=EDGE_LOOP('',(#1056,#1057,#1058,#1059));
#212=EDGE_LOOP('',(#1060,#1061,#1062,#1063));
#213=EDGE_LOOP('',(#1064,#1065,#1066,#1067,#1068,#1069,#1070,#1071));
#214=EDGE_LOOP('',(#1072,#1073,#1074,#1075));
#215=EDGE_LOOP('',(#1076,#1077,#1078,#1079));
#216=EDGE_LOOP('',(#1080,#1081,#1082,#1083));
#217=EDGE_LOOP('',(#1084,#1085,#1086,#1087));
#218=EDGE_LOOP('',(#1088,#1089,#1090,#1091));
#219=EDGE_LOOP('',(#1092,#1093,#1094,#1095));
#220=EDGE_LOOP('',(#1096,#1097,#1098,#1099));
#221=EDGE_LOOP('',(#1100,#1101,#1102,#1103));
#222=EDGE_LOOP('',(#1104,#1105,#1106,#1107));
#223=EDGE_LOOP('',(#1108,#1109,#1110,#1111,#1112,#1113,#1114,#1115));
#224=EDGE_LOOP('',(#1116,#1117,#1118,#1119,#1120,#1121,#1122,#1123));
#225=EDGE_LOOP('',(#1124,#1125,#1126,#1127));
#226=EDGE_LOOP('',(#1128,#1129,#1130,#1131));
#227=EDGE_LOOP('',(#1132,#1133,#1134,#1135));
#228=EDGE_LOOP('',(#1136,#1137,#1138,#1139));
#229=EDGE_LOOP('',(#1140,#1141,#1142,#1143));
#230=EDGE_LOOP('',(#1144,#1145,#1146,#1147));
#231=EDGE_LOOP('',(#1148,#1149,#1150,#1151));
#232=EDGE_LOOP('',(#1152,#1153,#1154,#1155));
#233=EDGE_LOOP('',(#1156,#1157,#1158,#1159));
#234=EDGE_LOOP('',(#1160,#1161,#1162,#1163));
#235=EDGE_LOOP('',(#1164,#1165,#1166,#1167));
#236=EDGE_LOOP('',(#1168,#1169,#1170,#1171));
#237=EDGE_LOOP('',(#1172,#1173,#1174,#1175));
#238=EDGE_LOOP('',(#1176,#1177,#1178,#1179));
#239=EDGE_LOOP('',(#1180,#1181,#1182,#1183));
#240=EDGE_LOOP('',(#1184,#1185,#1186,#1187));
#241=EDGE_LOOP('',(#1188,#1189,#1190,#1191));
#242=EDGE_LOOP('',(#1192,#1193,#1194,#1195));
#243=EDGE_LOOP('',(#1196,#1197,#1198,#1199));
#244=EDGE_LOOP('',(#1200,#1201,#1202,#1203));
#245=EDGE_LOOP('',(#1204,#1205,#1206,#1207));
#246=EDGE_LOOP('',(#1208,#1209,#1210,#1211));
#247=EDGE_LOOP('',(#1212,#1213,#1214,#1215));
#248=EDGE_LOOP('',(#1216,#1217,#1218,#1219));
#249=EDGE_LOOP('',(#1220,#1221,#1222,#1223));
#250=EDGE_LOOP('',(#1224,#1225,#1226,#1227));
#251=EDGE_LOOP('',(#1228,#1229,#1230,#1231));
#252=EDGE_LOOP('',(#1232,#1233,#1234,#1235));
#253=EDGE_LOOP('',(#1236,#1237,#1238,#1239));
#254=EDGE_LOOP('',(#1240,#1241,#1242,#1243));
#255=EDGE_LOOP('',(#1244,#1245,#1246,#1247));
#256=EDGE_LOOP('',(#1248,#1249,#1250,#1251));
#257=EDGE_LOOP('',(#1252,#1253,#1254,#1255));
#258=EDGE_LOOP('',(#1256,#1257,#1258,#1259));
#259=EDGE_LOOP('',(#1260,#1261,#1262,#1263));
#260=EDGE_LOOP('',(#1264,#1265,#1266,#1267));
#261=EDGE_LOOP('',(#1268,#1269,#1270,#1271));
#262=EDGE_LOOP('',(#1272,#1273,#1274,#1275,#1276,#1277,#1278,#1279));
#263=EDGE_LOOP('',(#1280,#1281,#1282,#1283));
#264=EDGE_LOOP('',(#1284,#1285,#1286,#1287,#1288,#1289,#1290,#1291));
#265=EDGE_LOOP('',(#1292,#1293,#1294,#1295,#1296,#1297,#1298,#1299));
#266=EDGE_LOOP('',(#1300,#1301,#1302,#1303));
#267=EDGE_LOOP('',(#1304,#1305,#1306,#1307,#1308,#1309,#1310,#1311));
#268=EDGE_LOOP('',(#1312,#1313,#1314,#1315,#1316,#1317,#1318,#1319));
#269=EDGE_LOOP('',(#1320,#1321,#1322,#1323,#1324,#1325,#1326,#1327));
#270=EDGE_LOOP('',(#1328,#1329,#1330,#1331,#1332,#1333,#1334,#1335));
#271=EDGE_LOOP('',(#1336,#1337,#1338,#1339));
#272=EDGE_LOOP('',(#1340,#1341,#1342,#1343));
#273=EDGE_LOOP('',(#1344,#1345,#1346,#1347,#1348,#1349,#1350,#1351,#1352,
#1353,#1354,#1355));
#274=EDGE_LOOP('',(#1356,#1357,#1358,#1359,#1360));
#275=EDGE_LOOP('',(#1361));
#276=EDGE_LOOP('',(#1362));
#277=EDGE_LOOP('',(#1363));
#278=EDGE_LOOP('',(#1364));
#279=EDGE_LOOP('',(#1365,#1366,#1367,#1368));
#280=EDGE_LOOP('',(#1369,#1370,#1371,#1372,#1373));
#281=LINE('',#2036,#436);
#282=LINE('',#2043,#437);
#283=LINE('',#2050,#438);
#284=LINE('',#2057,#439);
#285=LINE('',#2064,#440);
#286=LINE('',#2071,#441);
#287=LINE('',#2077,#442);
#288=LINE('',#2079,#443);
#289=LINE('',#2081,#444);
#290=LINE('',#2082,#445);
#291=LINE('',#2085,#446);
#292=LINE('',#2087,#447);
#293=LINE('',#2088,#448);
#294=LINE('',#2091,#449);
#295=LINE('',#2093,#450);
#296=LINE('',#2094,#451);
#297=LINE('',#2096,#452);
#298=LINE('',#2097,#453);
#299=LINE('',#2104,#454);
#300=LINE('',#2111,#455);
#301=LINE('',#2118,#456);
#302=LINE('',#2125,#457);
#303=LINE('',#2131,#458);
#304=LINE('',#2133,#459);
#305=LINE('',#2135,#460);
#306=LINE('',#2136,#461);
#307=LINE('',#2139,#462);
#308=LINE('',#2141,#463);
#309=LINE('',#2142,#464);
#310=LINE('',#2145,#465);
#311=LINE('',#2146,#466);
#312=LINE('',#2149,#467);
#313=LINE('',#2151,#468);
#314=LINE('',#2153,#469);
#315=LINE('',#2155,#470);
#316=LINE('',#2157,#471);
#317=LINE('',#2158,#472);
#318=LINE('',#2161,#473);
#319=LINE('',#2163,#474);
#320=LINE('',#2164,#475);
#321=LINE('',#2167,#476);
#322=LINE('',#2169,#477);
#323=LINE('',#2170,#478);
#324=LINE('',#2172,#479);
#325=LINE('',#2176,#480);
#326=LINE('',#2178,#481);
#327=LINE('',#2180,#482);
#328=LINE('',#2181,#483);
#329=LINE('',#2184,#484);
#330=LINE('',#2186,#485);
#331=LINE('',#2187,#486);
#332=LINE('',#2190,#487);
#333=LINE('',#2191,#488);
#334=LINE('',#2195,#489);
#335=LINE('',#2197,#490);
#336=LINE('',#2199,#491);
#337=LINE('',#2200,#492);
#338=LINE('',#2203,#493);
#339=LINE('',#2205,#494);
#340=LINE('',#2206,#495);
#341=LINE('',#2209,#496);
#342=LINE('',#2210,#497);
#343=LINE('',#2212,#498);
#344=LINE('',#2214,#499);
#345=LINE('',#2216,#500);
#346=LINE('',#2217,#501);
#347=LINE('',#2220,#502);
#348=LINE('',#2224,#503);
#349=LINE('',#2228,#504);
#350=LINE('',#2232,#505);
#351=LINE('',#2239,#506);
#352=LINE('',#2242,#507);
#353=LINE('',#2245,#508);
#354=LINE('',#2247,#509);
#355=LINE('',#2248,#510);
#356=LINE('',#2251,#511);
#357=LINE('',#2253,#512);
#358=LINE('',#2255,#513);
#359=LINE('',#2256,#514);
#360=LINE('',#2259,#515);
#361=LINE('',#2261,#516);
#362=LINE('',#2263,#517);
#363=LINE('',#2264,#518);
#364=LINE('',#2270,#519);
#365=LINE('',#2273,#520);
#366=LINE('',#2276,#521);
#367=LINE('',#2278,#522);
#368=LINE('',#2279,#523);
#369=LINE('',#2284,#524);
#370=LINE('',#2288,#525);
#371=LINE('',#2290,#526);
#372=LINE('',#2291,#527);
#373=LINE('',#2296,#528);
#374=LINE('',#2300,#529);
#375=LINE('',#2302,#530);
#376=LINE('',#2303,#531);
#377=LINE('',#2308,#532);
#378=LINE('',#2311,#533);
#379=LINE('',#2312,#534);
#380=LINE('',#2318,#535);
#381=LINE('',#2321,#536);
#382=LINE('',#2324,#537);
#383=LINE('',#2326,#538);
#384=LINE('',#2327,#539);
#385=LINE('',#2332,#540);
#386=LINE('',#2336,#541);
#387=LINE('',#2338,#542);
#388=LINE('',#2339,#543);
#389=LINE('',#2344,#544);
#390=LINE('',#2348,#545);
#391=LINE('',#2350,#546);
#392=LINE('',#2351,#547);
#393=LINE('',#2356,#548);
#394=LINE('',#2359,#549);
#395=LINE('',#2360,#550);
#396=LINE('',#2363,#551);
#397=LINE('',#2366,#552);
#398=LINE('',#2369,#553);
#399=LINE('',#2370,#554);
#400=LINE('',#2373,#555);
#401=LINE('',#2376,#556);
#402=LINE('',#2378,#557);
#403=LINE('',#2381,#558);
#404=LINE('',#2384,#559);
#405=LINE('',#2386,#560);
#406=LINE('',#2389,#561);
#407=LINE('',#2392,#562);
#408=LINE('',#2395,#563);
#409=LINE('',#2397,#564);
#410=LINE('',#2398,#565);
#411=LINE('',#2401,#566);
#412=LINE('',#2402,#567);
#413=LINE('',#2405,#568);
#414=LINE('',#2406,#569);
#415=LINE('',#2408,#570);
#416=LINE('',#2411,#571);
#417=LINE('',#2413,#572);
#418=LINE('',#2414,#573);
#419=LINE('',#2417,#574);
#420=LINE('',#2418,#575);
#421=LINE('',#2421,#576);
#422=LINE('',#2422,#577);
#423=LINE('',#2424,#578);
#424=LINE('',#2427,#579);
#425=LINE('',#2429,#580);
#426=LINE('',#2430,#581);
#427=LINE('',#2433,#582);
#428=LINE('',#2435,#583);
#429=LINE('',#2436,#584);
#430=LINE('',#2438,#585);
#431=LINE('',#2439,#586);
#432=LINE('',#2441,#587);
#433=LINE('',#2442,#588);
#434=LINE('',#2444,#589);
#435=LINE('',#2445,#590);
#436=VECTOR('',#1626,1.85);
#437=VECTOR('',#1635,1.85);
#438=VECTOR('',#1644,1.85);
#439=VECTOR('',#1653,3.5);
#440=VECTOR('',#1662,3.5);
#441=VECTOR('',#1671,3.5);
#442=VECTOR('',#1678,10.);
#443=VECTOR('',#1679,10.);
#444=VECTOR('',#1680,10.);
#445=VECTOR('',#1681,10.);
#446=VECTOR('',#1684,10.);
#447=VECTOR('',#1685,10.);
#448=VECTOR('',#1686,10.);
#449=VECTOR('',#1689,10.);
#450=VECTOR('',#1690,10.);
#451=VECTOR('',#1691,10.);
#452=VECTOR('',#1694,10.);
#453=VECTOR('',#1695,10.);
#454=VECTOR('',#1704,1.6);
#455=VECTOR('',#1713,1.6);
#456=VECTOR('',#1722,1.6);
#457=VECTOR('',#1731,1.6);
#458=VECTOR('',#1738,10.);
#459=VECTOR('',#1739,10.);
#460=VECTOR('',#1740,10.);
#461=VECTOR('',#1741,10.);
#462=VECTOR('',#1744,10.);
#463=VECTOR('',#1745,10.);
#464=VECTOR('',#1746,10.);
#465=VECTOR('',#1749,10.);
#466=VECTOR('',#1750,10.);
#467=VECTOR('',#1753,10.);
#468=VECTOR('',#1754,10.);
#469=VECTOR('',#1755,10.);
#470=VECTOR('',#1756,10.);
#471=VECTOR('',#1757,10.);
#472=VECTOR('',#1758,10.);
#473=VECTOR('',#1761,10.);
#474=VECTOR('',#1762,10.);
#475=VECTOR('',#1763,10.);
#476=VECTOR('',#1766,10.);
#477=VECTOR('',#1767,10.);
#478=VECTOR('',#1768,10.);
#479=VECTOR('',#1771,10.);
#480=VECTOR('',#1774,10.);
#481=VECTOR('',#1775,10.);
#482=VECTOR('',#1776,10.);
#483=VECTOR('',#1777,10.);
#484=VECTOR('',#1780,10.);
#485=VECTOR('',#1781,10.);
#486=VECTOR('',#1782,10.);
#487=VECTOR('',#1785,10.);
#488=VECTOR('',#1786,10.);
#489=VECTOR('',#1789,10.);
#490=VECTOR('',#1790,10.);
#491=VECTOR('',#1791,10.);
#492=VECTOR('',#1792,10.);
#493=VECTOR('',#1795,10.);
#494=VECTOR('',#1796,10.);
#495=VECTOR('',#1797,10.);
#496=VECTOR('',#1800,10.);
#497=VECTOR('',#1801,10.);
#498=VECTOR('',#1804,10.);
#499=VECTOR('',#1805,10.);
#500=VECTOR('',#1806,10.);
#501=VECTOR('',#1807,10.);
#502=VECTOR('',#1808,10.);
#503=VECTOR('',#1811,10.);
#504=VECTOR('',#1814,10.);
#505=VECTOR('',#1817,10.);
#506=VECTOR('',#1824,10.);
#507=VECTOR('',#1827,10.);
#508=VECTOR('',#1830,10.);
#509=VECTOR('',#1831,10.);
#510=VECTOR('',#1832,10.);
#511=VECTOR('',#1833,10.);
#512=VECTOR('',#1834,10.);
#513=VECTOR('',#1835,10.);
#514=VECTOR('',#1836,10.);
#515=VECTOR('',#1837,10.);
#516=VECTOR('',#1838,10.);
#517=VECTOR('',#1839,10.);
#518=VECTOR('',#1840,10.);
#519=VECTOR('',#1845,10.);
#520=VECTOR('',#1848,10.);
#521=VECTOR('',#1851,10.);
#522=VECTOR('',#1852,10.);
#523=VECTOR('',#1853,10.);
#524=VECTOR('',#1858,10.);
#525=VECTOR('',#1863,10.);
#526=VECTOR('',#1864,10.);
#527=VECTOR('',#1865,10.);
#528=VECTOR('',#1870,10.);
#529=VECTOR('',#1875,10.);
#530=VECTOR('',#1876,10.);
#531=VECTOR('',#1877,10.);
#532=VECTOR('',#1882,10.);
#533=VECTOR('',#1887,10.);
#534=VECTOR('',#1888,10.);
#535=VECTOR('',#1893,10.);
#536=VECTOR('',#1896,10.);
#537=VECTOR('',#1899,10.);
#538=VECTOR('',#1900,10.);
#539=VECTOR('',#1901,10.);
#540=VECTOR('',#1906,10.);
#541=VECTOR('',#1911,10.);
#542=VECTOR('',#1912,10.);
#543=VECTOR('',#1913,10.);
#544=VECTOR('',#1918,10.);
#545=VECTOR('',#1923,10.);
#546=VECTOR('',#1924,10.);
#547=VECTOR('',#1925,10.);
#548=VECTOR('',#1930,10.);
#549=VECTOR('',#1935,10.);
#550=VECTOR('',#1936,10.);
#551=VECTOR('',#1939,10.);
#552=VECTOR('',#1942,10.);
#553=VECTOR('',#1945,10.);
#554=VECTOR('',#1946,10.);
#555=VECTOR('',#1949,10.);
#556=VECTOR('',#1952,10.);
#557=VECTOR('',#1955,10.);
#558=VECTOR('',#1958,10.);
#559=VECTOR('',#1961,10.);
#560=VECTOR('',#1964,10.);
#561=VECTOR('',#1967,10.);
#562=VECTOR('',#1972,10.);
#563=VECTOR('',#1975,10.);
#564=VECTOR('',#1976,10.);
#565=VECTOR('',#1977,10.);
#566=VECTOR('',#1980,10.);
#567=VECTOR('',#1981,10.);
#568=VECTOR('',#1984,10.);
#569=VECTOR('',#1985,10.);
#570=VECTOR('',#1988,10.);
#571=VECTOR('',#1991,10.);
#572=VECTOR('',#1992,10.);
#573=VECTOR('',#1993,10.);
#574=VECTOR('',#1996,10.);
#575=VECTOR('',#1997,10.);
#576=VECTOR('',#2000,10.);
#577=VECTOR('',#2001,10.);
#578=VECTOR('',#2004,10.);
#579=VECTOR('',#2007,10.);
#580=VECTOR('',#2008,10.);
#581=VECTOR('',#2009,10.);
#582=VECTOR('',#2012,10.);
#583=VECTOR('',#2013,10.);
#584=VECTOR('',#2014,10.);
#585=VECTOR('',#2017,10.);
#586=VECTOR('',#2018,10.);
#587=VECTOR('',#2021,10.);
#588=VECTOR('',#2022,10.);
#589=VECTOR('',#2025,10.);
#590=VECTOR('',#2026,10.);
#591=CIRCLE('',#1494,1.85);
#592=CIRCLE('',#1495,1.85);
#593=CIRCLE('',#1498,1.85);
#594=CIRCLE('',#1499,1.85);
#595=CIRCLE('',#1502,1.85);
#596=CIRCLE('',#1503,1.85);
#597=CIRCLE('',#1506,3.5);
#598=CIRCLE('',#1507,3.5);
#599=CIRCLE('',#1510,3.5);
#600=CIRCLE('',#1511,3.5);
#601=CIRCLE('',#1514,3.5);
#602=CIRCLE('',#1515,3.5);
#603=CIRCLE('',#1524,1.6);
#604=CIRCLE('',#1525,1.6);
#605=CIRCLE('',#1528,1.6);
#606=CIRCLE('',#1529,1.6);
#607=CIRCLE('',#1532,1.6);
#608=CIRCLE('',#1533,1.6);
#609=CIRCLE('',#1536,1.6);
#610=CIRCLE('',#1537,1.6);
#611=CIRCLE('',#1553,1.);
#612=CIRCLE('',#1554,1.);
#613=CIRCLE('',#1555,1.);
#614=CIRCLE('',#1556,1.);
#615=CIRCLE('',#1558,1.);
#616=CIRCLE('',#1559,1.);
#617=CIRCLE('',#1562,1.);
#618=CIRCLE('',#1563,1.);
#619=CIRCLE('',#1566,1.);
#620=CIRCLE('',#1567,1.);
#621=CIRCLE('',#1570,1.);
#622=CIRCLE('',#1571,1.);
#623=CIRCLE('',#1574,1.);
#624=CIRCLE('',#1575,1.);
#625=CIRCLE('',#1578,1.);
#626=CIRCLE('',#1579,1.);
#627=CIRCLE('',#1582,1.);
#628=CIRCLE('',#1583,1.);
#629=CIRCLE('',#1586,1.);
#630=CIRCLE('',#1587,1.);
#631=CIRCLE('',#1590,1.);
#632=CIRCLE('',#1591,1.);
#633=CIRCLE('',#1594,1.);
#634=CIRCLE('',#1597,1.);
#635=CIRCLE('',#1600,1.);
#636=CIRCLE('',#1603,1.);
#637=VERTEX_POINT('',#2033);
#638=VERTEX_POINT('',#2035);
#639=VERTEX_POINT('',#2040);
#640=VERTEX_POINT('',#2042);
#641=VERTEX_POINT('',#2047);
#642=VERTEX_POINT('',#2049);
#643=VERTEX_POINT('',#2054);
#644=VERTEX_POINT('',#2056);
#645=VERTEX_POINT('',#2061);
#646=VERTEX_POINT('',#2063);
#647=VERTEX_POINT('',#2068);
#648=VERTEX_POINT('',#2070);
#649=VERTEX_POINT('',#2075);
#650=VERTEX_POINT('',#2076);
#651=VERTEX_POINT('',#2078);
#652=VERTEX_POINT('',#2080);
#653=VERTEX_POINT('',#2084);
#654=VERTEX_POINT('',#2086);
#655=VERTEX_POINT('',#2090);
#656=VERTEX_POINT('',#2092);
#657=VERTEX_POINT('',#2101);
#658=VERTEX_POINT('',#2103);
#659=VERTEX_POINT('',#2108);
#660=VERTEX_POINT('',#2110);
#661=VERTEX_POINT('',#2115);
#662=VERTEX_POINT('',#2117);
#663=VERTEX_POINT('',#2122);
#664=VERTEX_POINT('',#2124);
#665=VERTEX_POINT('',#2129);
#666=VERTEX_POINT('',#2130);
#667=VERTEX_POINT('',#2132);
#668=VERTEX_POINT('',#2134);
#669=VERTEX_POINT('',#2138);
#670=VERTEX_POINT('',#2140);
#671=VERTEX_POINT('',#2144);
#672=VERTEX_POINT('',#2148);
#673=VERTEX_POINT('',#2150);
#674=VERTEX_POINT('',#2152);
#675=VERTEX_POINT('',#2154);
#676=VERTEX_POINT('',#2156);
#677=VERTEX_POINT('',#2160);
#678=VERTEX_POINT('',#2162);
#679=VERTEX_POINT('',#2166);
#680=VERTEX_POINT('',#2168);
#681=VERTEX_POINT('',#2174);
#682=VERTEX_POINT('',#2175);
#683=VERTEX_POINT('',#2177);
#684=VERTEX_POINT('',#2179);
#685=VERTEX_POINT('',#2183);
#686=VERTEX_POINT('',#2185);
#687=VERTEX_POINT('',#2189);
#688=VERTEX_POINT('',#2193);
#689=VERTEX_POINT('',#2194);
#690=VERTEX_POINT('',#2196);
#691=VERTEX_POINT('',#2198);
#692=VERTEX_POINT('',#2202);
#693=VERTEX_POINT('',#2204);
#694=VERTEX_POINT('',#2208);
#695=VERTEX_POINT('',#2213);
#696=VERTEX_POINT('',#2215);
#697=VERTEX_POINT('',#2218);
#698=VERTEX_POINT('',#2219);
#699=VERTEX_POINT('',#2221);
#700=VERTEX_POINT('',#2223);
#701=VERTEX_POINT('',#2225);
#702=VERTEX_POINT('',#2227);
#703=VERTEX_POINT('',#2229);
#704=VERTEX_POINT('',#2231);
#705=VERTEX_POINT('',#2235);
#706=VERTEX_POINT('',#2236);
#707=VERTEX_POINT('',#2238);
#708=VERTEX_POINT('',#2240);
#709=VERTEX_POINT('',#2244);
#710=VERTEX_POINT('',#2246);
#711=VERTEX_POINT('',#2249);
#712=VERTEX_POINT('',#2250);
#713=VERTEX_POINT('',#2252);
#714=VERTEX_POINT('',#2254);
#715=VERTEX_POINT('',#2257);
#716=VERTEX_POINT('',#2258);
#717=VERTEX_POINT('',#2260);
#718=VERTEX_POINT('',#2262);
#719=VERTEX_POINT('',#2266);
#720=VERTEX_POINT('',#2267);
#721=VERTEX_POINT('',#2269);
#722=VERTEX_POINT('',#2271);
#723=VERTEX_POINT('',#2275);
#724=VERTEX_POINT('',#2277);
#725=VERTEX_POINT('',#2281);
#726=VERTEX_POINT('',#2283);
#727=VERTEX_POINT('',#2287);
#728=VERTEX_POINT('',#2289);
#729=VERTEX_POINT('',#2293);
#730=VERTEX_POINT('',#2295);
#731=VERTEX_POINT('',#2299);
#732=VERTEX_POINT('',#2301);
#733=VERTEX_POINT('',#2305);
#734=VERTEX_POINT('',#2307);
#735=VERTEX_POINT('',#2314);
#736=VERTEX_POINT('',#2315);
#737=VERTEX_POINT('',#2317);
#738=VERTEX_POINT('',#2319);
#739=VERTEX_POINT('',#2323);
#740=VERTEX_POINT('',#2325);
#741=VERTEX_POINT('',#2329);
#742=VERTEX_POINT('',#2331);
#743=VERTEX_POINT('',#2335);
#744=VERTEX_POINT('',#2337);
#745=VERTEX_POINT('',#2341);
#746=VERTEX_POINT('',#2343);
#747=VERTEX_POINT('',#2347);
#748=VERTEX_POINT('',#2349);
#749=VERTEX_POINT('',#2353);
#750=VERTEX_POINT('',#2355);
#751=VERTEX_POINT('',#2362);
#752=VERTEX_POINT('',#2364);
#753=VERTEX_POINT('',#2368);
#754=VERTEX_POINT('',#2372);
#755=VERTEX_POINT('',#2374);
#756=VERTEX_POINT('',#2380);
#757=VERTEX_POINT('',#2382);
#758=VERTEX_POINT('',#2388);
#759=VERTEX_POINT('',#2394);
#760=VERTEX_POINT('',#2396);
#761=VERTEX_POINT('',#2400);
#762=VERTEX_POINT('',#2404);
#763=VERTEX_POINT('',#2410);
#764=VERTEX_POINT('',#2412);
#765=VERTEX_POINT('',#2416);
#766=VERTEX_POINT('',#2420);
#767=VERTEX_POINT('',#2426);
#768=VERTEX_POINT('',#2428);
#769=VERTEX_POINT('',#2432);
#770=VERTEX_POINT('',#2434);
#771=EDGE_CURVE('',#637,#637,#591,.T.);
#772=EDGE_CURVE('',#637,#638,#281,.T.);
#773=EDGE_CURVE('',#638,#638,#592,.T.);
#774=EDGE_CURVE('',#639,#639,#593,.T.);
#775=EDGE_CURVE('',#639,#640,#282,.T.);
#776=EDGE_CURVE('',#640,#640,#594,.T.);
#777=EDGE_CURVE('',#641,#641,#595,.T.);
#778=EDGE_CURVE('',#641,#642,#283,.T.);
#779=EDGE_CURVE('',#642,#642,#596,.T.);
#780=EDGE_CURVE('',#643,#643,#597,.T.);
#781=EDGE_CURVE('',#643,#644,#284,.T.);
#782=EDGE_CURVE('',#644,#644,#598,.T.);
#783=EDGE_CURVE('',#645,#645,#599,.T.);
#784=EDGE_CURVE('',#645,#646,#285,.T.);
#785=EDGE_CURVE('',#646,#646,#600,.T.);
#786=EDGE_CURVE('',#647,#647,#601,.T.);
#787=EDGE_CURVE('',#647,#648,#286,.T.);
#788=EDGE_CURVE('',#648,#648,#602,.T.);
#789=EDGE_CURVE('',#649,#650,#287,.T.);
#790=EDGE_CURVE('',#650,#651,#288,.T.);
#791=EDGE_CURVE('',#652,#651,#289,.T.);
#792=EDGE_CURVE('',#649,#652,#290,.T.);
#793=EDGE_CURVE('',#653,#649,#291,.T.);
#794=EDGE_CURVE('',#654,#652,#292,.T.);
#795=EDGE_CURVE('',#653,#654,#293,.T.);
#796=EDGE_CURVE('',#655,#653,#294,.T.);
#797=EDGE_CURVE('',#656,#654,#295,.T.);
#798=EDGE_CURVE('',#655,#656,#296,.T.);
#799=EDGE_CURVE('',#650,#655,#297,.T.);
#800=EDGE_CURVE('',#651,#656,#298,.T.);
#801=EDGE_CURVE('',#657,#657,#603,.T.);
#802=EDGE_CURVE('',#657,#658,#299,.T.);
#803=EDGE_CURVE('',#658,#658,#604,.T.);
#804=EDGE_CURVE('',#659,#659,#605,.T.);
#805=EDGE_CURVE('',#659,#660,#300,.T.);
#806=EDGE_CURVE('',#660,#660,#606,.T.);
#807=EDGE_CURVE('',#661,#661,#607,.T.);
#808=EDGE_CURVE('',#661,#662,#301,.T.);
#809=EDGE_CURVE('',#662,#662,#608,.T.);
#810=EDGE_CURVE('',#663,#663,#609,.T.);
#811=EDGE_CURVE('',#663,#664,#302,.T.);
#812=EDGE_CURVE('',#664,#664,#610,.T.);
#813=EDGE_CURVE('',#665,#666,#303,.T.);
#814=EDGE_CURVE('',#666,#667,#304,.T.);
#815=EDGE_CURVE('',#668,#667,#305,.T.);
#816=EDGE_CURVE('',#665,#668,#306,.T.);
#817=EDGE_CURVE('',#666,#669,#307,.T.);
#818=EDGE_CURVE('',#669,#670,#308,.T.);
#819=EDGE_CURVE('',#667,#670,#309,.T.);
#820=EDGE_CURVE('',#670,#671,#310,.T.);
#821=EDGE_CURVE('',#668,#671,#311,.T.);
#822=EDGE_CURVE('',#672,#671,#312,.T.);
#823=EDGE_CURVE('',#672,#673,#313,.T.);
#824=EDGE_CURVE('',#673,#674,#314,.T.);
#825=EDGE_CURVE('',#674,#675,#315,.T.);
#826=EDGE_CURVE('',#675,#676,#316,.T.);
#827=EDGE_CURVE('',#665,#676,#317,.T.);
#828=EDGE_CURVE('',#676,#677,#318,.T.);
#829=EDGE_CURVE('',#678,#675,#319,.T.);
#830=EDGE_CURVE('',#677,#678,#320,.T.);
#831=EDGE_CURVE('',#677,#679,#321,.T.);
#832=EDGE_CURVE('',#680,#678,#322,.T.);
#833=EDGE_CURVE('',#679,#680,#323,.T.);
#834=EDGE_CURVE('',#674,#680,#324,.T.);
#835=EDGE_CURVE('',#681,#682,#325,.T.);
#836=EDGE_CURVE('',#683,#681,#326,.T.);
#837=EDGE_CURVE('',#684,#683,#327,.T.);
#838=EDGE_CURVE('',#682,#684,#328,.T.);
#839=EDGE_CURVE('',#682,#685,#329,.T.);
#840=EDGE_CURVE('',#686,#684,#330,.T.);
#841=EDGE_CURVE('',#685,#686,#331,.T.);
#842=EDGE_CURVE('',#687,#686,#332,.T.);
#843=EDGE_CURVE('',#687,#683,#333,.T.);
#844=EDGE_CURVE('',#688,#689,#334,.T.);
#845=EDGE_CURVE('',#689,#690,#335,.T.);
#846=EDGE_CURVE('',#691,#690,#336,.T.);
#847=EDGE_CURVE('',#688,#691,#337,.T.);
#848=EDGE_CURVE('',#689,#692,#338,.T.);
#849=EDGE_CURVE('',#692,#693,#339,.T.);
#850=EDGE_CURVE('',#690,#693,#340,.T.);
#851=EDGE_CURVE('',#693,#694,#341,.T.);
#852=EDGE_CURVE('',#691,#694,#342,.T.);
#853=EDGE_CURVE('',#688,#681,#343,.T.);
#854=EDGE_CURVE('',#695,#694,#344,.T.);
#855=EDGE_CURVE('',#695,#696,#345,.T.);
#856=EDGE_CURVE('',#696,#687,#346,.T.);
#857=EDGE_CURVE('',#697,#698,#347,.T.);
#858=EDGE_CURVE('',#699,#698,#611,.T.);
#859=EDGE_CURVE('',#699,#700,#348,.T.);
#860=EDGE_CURVE('',#701,#700,#612,.T.);
#861=EDGE_CURVE('',#701,#702,#349,.T.);
#862=EDGE_CURVE('',#703,#702,#613,.T.);
#863=EDGE_CURVE('',#703,#704,#350,.T.);
#864=EDGE_CURVE('',#697,#704,#614,.T.);
#865=EDGE_CURVE('',#705,#706,#615,.T.);
#866=EDGE_CURVE('',#706,#707,#351,.T.);
#867=EDGE_CURVE('',#707,#708,#616,.T.);
#868=EDGE_CURVE('',#708,#705,#352,.T.);
#869=EDGE_CURVE('',#706,#709,#353,.T.);
#870=EDGE_CURVE('',#709,#710,#354,.T.);
#871=EDGE_CURVE('',#707,#710,#355,.T.);
#872=EDGE_CURVE('',#711,#712,#356,.T.);
#873=EDGE_CURVE('',#712,#713,#357,.T.);
#874=EDGE_CURVE('',#713,#714,#358,.T.);
#875=EDGE_CURVE('',#714,#711,#359,.T.);
#876=EDGE_CURVE('',#715,#716,#360,.T.);
#877=EDGE_CURVE('',#716,#717,#361,.T.);
#878=EDGE_CURVE('',#717,#718,#362,.T.);
#879=EDGE_CURVE('',#718,#715,#363,.T.);
#880=EDGE_CURVE('',#719,#720,#617,.T.);
#881=EDGE_CURVE('',#720,#721,#364,.T.);
#882=EDGE_CURVE('',#721,#722,#618,.T.);
#883=EDGE_CURVE('',#722,#719,#365,.T.);
#884=EDGE_CURVE('',#723,#720,#366,.T.);
#885=EDGE_CURVE('',#724,#723,#367,.T.);
#886=EDGE_CURVE('',#721,#724,#368,.T.);
#887=EDGE_CURVE('',#723,#725,#619,.T.);
#888=EDGE_CURVE('',#725,#726,#369,.T.);
#889=EDGE_CURVE('',#726,#724,#620,.T.);
#890=EDGE_CURVE('',#727,#725,#370,.T.);
#891=EDGE_CURVE('',#728,#727,#371,.T.);
#892=EDGE_CURVE('',#726,#728,#372,.T.);
#893=EDGE_CURVE('',#727,#729,#621,.T.);
#894=EDGE_CURVE('',#729,#730,#373,.T.);
#895=EDGE_CURVE('',#730,#728,#622,.T.);
#896=EDGE_CURVE('',#731,#729,#374,.T.);
#897=EDGE_CURVE('',#732,#731,#375,.T.);
#898=EDGE_CURVE('',#730,#732,#376,.T.);
#899=EDGE_CURVE('',#731,#733,#623,.T.);
#900=EDGE_CURVE('',#733,#734,#377,.T.);
#901=EDGE_CURVE('',#734,#732,#624,.T.);
#902=EDGE_CURVE('',#734,#722,#378,.T.);
#903=EDGE_CURVE('',#719,#733,#379,.T.);
#904=EDGE_CURVE('',#735,#736,#625,.T.);
#905=EDGE_CURVE('',#736,#737,#380,.T.);
#906=EDGE_CURVE('',#737,#738,#626,.T.);
#907=EDGE_CURVE('',#738,#735,#381,.T.);
#908=EDGE_CURVE('',#739,#736,#382,.T.);
#909=EDGE_CURVE('',#740,#739,#383,.T.);
#910=EDGE_CURVE('',#737,#740,#384,.T.);
#911=EDGE_CURVE('',#739,#741,#627,.T.);
#912=EDGE_CURVE('',#741,#742,#385,.T.);
#913=EDGE_CURVE('',#742,#740,#628,.T.);
#914=EDGE_CURVE('',#743,#741,#386,.T.);
#915=EDGE_CURVE('',#744,#743,#387,.T.);
#916=EDGE_CURVE('',#742,#744,#388,.T.);
#917=EDGE_CURVE('',#743,#745,#629,.T.);
#918=EDGE_CURVE('',#745,#746,#389,.T.);
#919=EDGE_CURVE('',#746,#744,#630,.T.);
#920=EDGE_CURVE('',#747,#745,#390,.T.);
#921=EDGE_CURVE('',#748,#747,#391,.T.);
#922=EDGE_CURVE('',#746,#748,#392,.T.);
#923=EDGE_CURVE('',#747,#749,#631,.T.);
#924=EDGE_CURVE('',#749,#750,#393,.T.);
#925=EDGE_CURVE('',#750,#748,#632,.T.);
#926=EDGE_CURVE('',#750,#738,#394,.T.);
#927=EDGE_CURVE('',#735,#749,#395,.T.);
#928=EDGE_CURVE('',#700,#751,#396,.T.);
#929=EDGE_CURVE('',#751,#752,#633,.T.);
#930=EDGE_CURVE('',#752,#701,#397,.T.);
#931=EDGE_CURVE('',#753,#699,#398,.T.);
#932=EDGE_CURVE('',#751,#753,#399,.T.);
#933=EDGE_CURVE('',#702,#754,#400,.T.);
#934=EDGE_CURVE('',#754,#755,#634,.T.);
#935=EDGE_CURVE('',#755,#703,#401,.T.);
#936=EDGE_CURVE('',#754,#752,#402,.T.);
#937=EDGE_CURVE('',#704,#756,#403,.T.);
#938=EDGE_CURVE('',#756,#757,#635,.T.);
#939=EDGE_CURVE('',#757,#697,#404,.T.);
#940=EDGE_CURVE('',#756,#755,#405,.T.);
#941=EDGE_CURVE('',#698,#758,#406,.T.);
#942=EDGE_CURVE('',#758,#753,#636,.T.);
#943=EDGE_CURVE('',#758,#757,#407,.T.);
#944=EDGE_CURVE('',#759,#717,#408,.T.);
#945=EDGE_CURVE('',#760,#759,#409,.T.);
#946=EDGE_CURVE('',#760,#718,#410,.T.);
#947=EDGE_CURVE('',#761,#760,#411,.T.);
#948=EDGE_CURVE('',#761,#715,#412,.T.);
#949=EDGE_CURVE('',#762,#761,#413,.T.);
#950=EDGE_CURVE('',#762,#716,#414,.T.);
#951=EDGE_CURVE('',#759,#762,#415,.T.);
#952=EDGE_CURVE('',#763,#713,#416,.T.);
#953=EDGE_CURVE('',#764,#763,#417,.T.);
#954=EDGE_CURVE('',#764,#714,#418,.T.);
#955=EDGE_CURVE('',#765,#764,#419,.T.);
#956=EDGE_CURVE('',#765,#711,#420,.T.);
#957=EDGE_CURVE('',#766,#765,#421,.T.);
#958=EDGE_CURVE('',#766,#712,#422,.T.);
#959=EDGE_CURVE('',#763,#766,#423,.T.);
#960=EDGE_CURVE('',#767,#708,#424,.T.);
#961=EDGE_CURVE('',#768,#767,#425,.T.);
#962=EDGE_CURVE('',#768,#705,#426,.T.);
#963=EDGE_CURVE('',#769,#768,#427,.T.);
#964=EDGE_CURVE('',#770,#767,#428,.T.);
#965=EDGE_CURVE('',#769,#770,#429,.T.);
#966=EDGE_CURVE('',#709,#769,#430,.T.);
#967=EDGE_CURVE('',#710,#770,#431,.T.);
#968=EDGE_CURVE('',#696,#672,#432,.T.);
#969=EDGE_CURVE('',#685,#669,#433,.T.);
#970=EDGE_CURVE('',#673,#695,#434,.T.);
#971=EDGE_CURVE('',#679,#692,#435,.T.);
#972=ORIENTED_EDGE('',*,*,#771,.F.);
#973=ORIENTED_EDGE('',*,*,#772,.T.);
#974=ORIENTED_EDGE('',*,*,#773,.T.);
#975=ORIENTED_EDGE('',*,*,#772,.F.);
#976=ORIENTED_EDGE('',*,*,#773,.F.);
#977=ORIENTED_EDGE('',*,*,#774,.F.);
#978=ORIENTED_EDGE('',*,*,#775,.T.);
#979=ORIENTED_EDGE('',*,*,#776,.T.);
#980=ORIENTED_EDGE('',*,*,#775,.F.);
#981=ORIENTED_EDGE('',*,*,#776,.F.);
#982=ORIENTED_EDGE('',*,*,#777,.F.);
#983=ORIENTED_EDGE('',*,*,#778,.T.);
#984=ORIENTED_EDGE('',*,*,#779,.T.);
#985=ORIENTED_EDGE('',*,*,#778,.F.);
#986=ORIENTED_EDGE('',*,*,#779,.F.);
#987=ORIENTED_EDGE('',*,*,#780,.F.);
#988=ORIENTED_EDGE('',*,*,#781,.T.);
#989=ORIENTED_EDGE('',*,*,#782,.F.);
#990=ORIENTED_EDGE('',*,*,#781,.F.);
#991=ORIENTED_EDGE('',*,*,#780,.T.);
#992=ORIENTED_EDGE('',*,*,#771,.T.);
#993=ORIENTED_EDGE('',*,*,#783,.F.);
#994=ORIENTED_EDGE('',*,*,#784,.T.);
#995=ORIENTED_EDGE('',*,*,#785,.F.);
#996=ORIENTED_EDGE('',*,*,#784,.F.);
#997=ORIENTED_EDGE('',*,*,#783,.T.);
#998=ORIENTED_EDGE('',*,*,#774,.T.);
#999=ORIENTED_EDGE('',*,*,#786,.F.);
#1000=ORIENTED_EDGE('',*,*,#787,.T.);
#1001=ORIENTED_EDGE('',*,*,#788,.F.);
#1002=ORIENTED_EDGE('',*,*,#787,.F.);
#1003=ORIENTED_EDGE('',*,*,#786,.T.);
#1004=ORIENTED_EDGE('',*,*,#777,.T.);
#1005=ORIENTED_EDGE('',*,*,#789,.T.);
#1006=ORIENTED_EDGE('',*,*,#790,.T.);
#1007=ORIENTED_EDGE('',*,*,#791,.F.);
#1008=ORIENTED_EDGE('',*,*,#792,.F.);
#1009=ORIENTED_EDGE('',*,*,#793,.T.);
#1010=ORIENTED_EDGE('',*,*,#792,.T.);
#1011=ORIENTED_EDGE('',*,*,#794,.F.);
#1012=ORIENTED_EDGE('',*,*,#795,.F.);
#1013=ORIENTED_EDGE('',*,*,#796,.T.);
#1014=ORIENTED_EDGE('',*,*,#795,.T.);
#1015=ORIENTED_EDGE('',*,*,#797,.F.);
#1016=ORIENTED_EDGE('',*,*,#798,.F.);
#1017=ORIENTED_EDGE('',*,*,#799,.T.);
#1018=ORIENTED_EDGE('',*,*,#798,.T.);
#1019=ORIENTED_EDGE('',*,*,#800,.F.);
#1020=ORIENTED_EDGE('',*,*,#790,.F.);
#1021=ORIENTED_EDGE('',*,*,#800,.T.);
#1022=ORIENTED_EDGE('',*,*,#797,.T.);
#1023=ORIENTED_EDGE('',*,*,#794,.T.);
#1024=ORIENTED_EDGE('',*,*,#791,.T.);
#1025=ORIENTED_EDGE('',*,*,#782,.T.);
#1026=ORIENTED_EDGE('',*,*,#785,.T.);
#1027=ORIENTED_EDGE('',*,*,#788,.T.);
#1028=ORIENTED_EDGE('',*,*,#799,.F.);
#1029=ORIENTED_EDGE('',*,*,#789,.F.);
#1030=ORIENTED_EDGE('',*,*,#793,.F.);
#1031=ORIENTED_EDGE('',*,*,#796,.F.);
#1032=ORIENTED_EDGE('',*,*,#801,.F.);
#1033=ORIENTED_EDGE('',*,*,#802,.T.);
#1034=ORIENTED_EDGE('',*,*,#803,.T.);
#1035=ORIENTED_EDGE('',*,*,#802,.F.);
#1036=ORIENTED_EDGE('',*,*,#803,.F.);
#1037=ORIENTED_EDGE('',*,*,#804,.F.);
#1038=ORIENTED_EDGE('',*,*,#805,.T.);
#1039=ORIENTED_EDGE('',*,*,#806,.T.);
#1040=ORIENTED_EDGE('',*,*,#805,.F.);
#1041=ORIENTED_EDGE('',*,*,#806,.F.);
#1042=ORIENTED_EDGE('',*,*,#807,.F.);
#1043=ORIENTED_EDGE('',*,*,#808,.T.);
#1044=ORIENTED_EDGE('',*,*,#809,.T.);
#1045=ORIENTED_EDGE('',*,*,#808,.F.);
#1046=ORIENTED_EDGE('',*,*,#809,.F.);
#1047=ORIENTED_EDGE('',*,*,#810,.F.);
#1048=ORIENTED_EDGE('',*,*,#811,.T.);
#1049=ORIENTED_EDGE('',*,*,#812,.T.);
#1050=ORIENTED_EDGE('',*,*,#811,.F.);
#1051=ORIENTED_EDGE('',*,*,#812,.F.);
#1052=ORIENTED_EDGE('',*,*,#813,.T.);
#1053=ORIENTED_EDGE('',*,*,#814,.T.);
#1054=ORIENTED_EDGE('',*,*,#815,.F.);
#1055=ORIENTED_EDGE('',*,*,#816,.F.);
#1056=ORIENTED_EDGE('',*,*,#817,.T.);
#1057=ORIENTED_EDGE('',*,*,#818,.T.);
#1058=ORIENTED_EDGE('',*,*,#819,.F.);
#1059=ORIENTED_EDGE('',*,*,#814,.F.);
#1060=ORIENTED_EDGE('',*,*,#819,.T.);
#1061=ORIENTED_EDGE('',*,*,#820,.T.);
#1062=ORIENTED_EDGE('',*,*,#821,.F.);
#1063=ORIENTED_EDGE('',*,*,#815,.T.);
#1064=ORIENTED_EDGE('',*,*,#816,.T.);
#1065=ORIENTED_EDGE('',*,*,#821,.T.);
#1066=ORIENTED_EDGE('',*,*,#822,.F.);
#1067=ORIENTED_EDGE('',*,*,#823,.T.);
#1068=ORIENTED_EDGE('',*,*,#824,.T.);
#1069=ORIENTED_EDGE('',*,*,#825,.T.);
#1070=ORIENTED_EDGE('',*,*,#826,.T.);
#1071=ORIENTED_EDGE('',*,*,#827,.F.);
#1072=ORIENTED_EDGE('',*,*,#828,.F.);
#1073=ORIENTED_EDGE('',*,*,#826,.F.);
#1074=ORIENTED_EDGE('',*,*,#829,.F.);
#1075=ORIENTED_EDGE('',*,*,#830,.F.);
#1076=ORIENTED_EDGE('',*,*,#831,.F.);
#1077=ORIENTED_EDGE('',*,*,#830,.T.);
#1078=ORIENTED_EDGE('',*,*,#832,.F.);
#1079=ORIENTED_EDGE('',*,*,#833,.F.);
#1080=ORIENTED_EDGE('',*,*,#834,.T.);
#1081=ORIENTED_EDGE('',*,*,#832,.T.);
#1082=ORIENTED_EDGE('',*,*,#829,.T.);
#1083=ORIENTED_EDGE('',*,*,#825,.F.);
#1084=ORIENTED_EDGE('',*,*,#835,.F.);
#1085=ORIENTED_EDGE('',*,*,#836,.F.);
#1086=ORIENTED_EDGE('',*,*,#837,.F.);
#1087=ORIENTED_EDGE('',*,*,#838,.F.);
#1088=ORIENTED_EDGE('',*,*,#839,.F.);
#1089=ORIENTED_EDGE('',*,*,#838,.T.);
#1090=ORIENTED_EDGE('',*,*,#840,.F.);
#1091=ORIENTED_EDGE('',*,*,#841,.F.);
#1092=ORIENTED_EDGE('',*,*,#842,.T.);
#1093=ORIENTED_EDGE('',*,*,#840,.T.);
#1094=ORIENTED_EDGE('',*,*,#837,.T.);
#1095=ORIENTED_EDGE('',*,*,#843,.F.);
#1096=ORIENTED_EDGE('',*,*,#844,.T.);
#1097=ORIENTED_EDGE('',*,*,#845,.T.);
#1098=ORIENTED_EDGE('',*,*,#846,.F.);
#1099=ORIENTED_EDGE('',*,*,#847,.F.);
#1100=ORIENTED_EDGE('',*,*,#848,.T.);
#1101=ORIENTED_EDGE('',*,*,#849,.T.);
#1102=ORIENTED_EDGE('',*,*,#850,.F.);
#1103=ORIENTED_EDGE('',*,*,#845,.F.);
#1104=ORIENTED_EDGE('',*,*,#850,.T.);
#1105=ORIENTED_EDGE('',*,*,#851,.T.);
#1106=ORIENTED_EDGE('',*,*,#852,.F.);
#1107=ORIENTED_EDGE('',*,*,#846,.T.);
#1108=ORIENTED_EDGE('',*,*,#836,.T.);
#1109=ORIENTED_EDGE('',*,*,#853,.F.);
#1110=ORIENTED_EDGE('',*,*,#847,.T.);
#1111=ORIENTED_EDGE('',*,*,#852,.T.);
#1112=ORIENTED_EDGE('',*,*,#854,.F.);
#1113=ORIENTED_EDGE('',*,*,#855,.T.);
#1114=ORIENTED_EDGE('',*,*,#856,.T.);
#1115=ORIENTED_EDGE('',*,*,#843,.T.);
#1116=ORIENTED_EDGE('',*,*,#857,.T.);
#1117=ORIENTED_EDGE('',*,*,#858,.F.);
#1118=ORIENTED_EDGE('',*,*,#859,.T.);
#1119=ORIENTED_EDGE('',*,*,#860,.F.);
#1120=ORIENTED_EDGE('',*,*,#861,.T.);
#1121=ORIENTED_EDGE('',*,*,#862,.F.);
#1122=ORIENTED_EDGE('',*,*,#863,.T.);
#1123=ORIENTED_EDGE('',*,*,#864,.F.);
#1124=ORIENTED_EDGE('',*,*,#865,.T.);
#1125=ORIENTED_EDGE('',*,*,#866,.T.);
#1126=ORIENTED_EDGE('',*,*,#867,.T.);
#1127=ORIENTED_EDGE('',*,*,#868,.T.);
#1128=ORIENTED_EDGE('',*,*,#866,.F.);
#1129=ORIENTED_EDGE('',*,*,#869,.T.);
#1130=ORIENTED_EDGE('',*,*,#870,.T.);
#1131=ORIENTED_EDGE('',*,*,#871,.F.);
#1132=ORIENTED_EDGE('',*,*,#872,.T.);
#1133=ORIENTED_EDGE('',*,*,#873,.T.);
#1134=ORIENTED_EDGE('',*,*,#874,.T.);
#1135=ORIENTED_EDGE('',*,*,#875,.T.);
#1136=ORIENTED_EDGE('',*,*,#876,.T.);
#1137=ORIENTED_EDGE('',*,*,#877,.T.);
#1138=ORIENTED_EDGE('',*,*,#878,.T.);
#1139=ORIENTED_EDGE('',*,*,#879,.T.);
#1140=ORIENTED_EDGE('',*,*,#880,.T.);
#1141=ORIENTED_EDGE('',*,*,#881,.T.);
#1142=ORIENTED_EDGE('',*,*,#882,.T.);
#1143=ORIENTED_EDGE('',*,*,#883,.T.);
#1144=ORIENTED_EDGE('',*,*,#881,.F.);
#1145=ORIENTED_EDGE('',*,*,#884,.F.);
#1146=ORIENTED_EDGE('',*,*,#885,.F.);
#1147=ORIENTED_EDGE('',*,*,#886,.F.);
#1148=ORIENTED_EDGE('',*,*,#887,.T.);
#1149=ORIENTED_EDGE('',*,*,#888,.T.);
#1150=ORIENTED_EDGE('',*,*,#889,.T.);
#1151=ORIENTED_EDGE('',*,*,#885,.T.);
#1152=ORIENTED_EDGE('',*,*,#888,.F.);
#1153=ORIENTED_EDGE('',*,*,#890,.F.);
#1154=ORIENTED_EDGE('',*,*,#891,.F.);
#1155=ORIENTED_EDGE('',*,*,#892,.F.);
#1156=ORIENTED_EDGE('',*,*,#893,.T.);
#1157=ORIENTED_EDGE('',*,*,#894,.T.);
#1158=ORIENTED_EDGE('',*,*,#895,.T.);
#1159=ORIENTED_EDGE('',*,*,#891,.T.);
#1160=ORIENTED_EDGE('',*,*,#894,.F.);
#1161=ORIENTED_EDGE('',*,*,#896,.F.);
#1162=ORIENTED_EDGE('',*,*,#897,.F.);
#1163=ORIENTED_EDGE('',*,*,#898,.F.);
#1164=ORIENTED_EDGE('',*,*,#899,.T.);
#1165=ORIENTED_EDGE('',*,*,#900,.T.);
#1166=ORIENTED_EDGE('',*,*,#901,.T.);
#1167=ORIENTED_EDGE('',*,*,#897,.T.);
#1168=ORIENTED_EDGE('',*,*,#883,.F.);
#1169=ORIENTED_EDGE('',*,*,#902,.F.);
#1170=ORIENTED_EDGE('',*,*,#900,.F.);
#1171=ORIENTED_EDGE('',*,*,#903,.F.);
#1172=ORIENTED_EDGE('',*,*,#904,.T.);
#1173=ORIENTED_EDGE('',*,*,#905,.T.);
#1174=ORIENTED_EDGE('',*,*,#906,.T.);
#1175=ORIENTED_EDGE('',*,*,#907,.T.);
#1176=ORIENTED_EDGE('',*,*,#905,.F.);
#1177=ORIENTED_EDGE('',*,*,#908,.F.);
#1178=ORIENTED_EDGE('',*,*,#909,.F.);
#1179=ORIENTED_EDGE('',*,*,#910,.F.);
#1180=ORIENTED_EDGE('',*,*,#911,.T.);
#1181=ORIENTED_EDGE('',*,*,#912,.T.);
#1182=ORIENTED_EDGE('',*,*,#913,.T.);
#1183=ORIENTED_EDGE('',*,*,#909,.T.);
#1184=ORIENTED_EDGE('',*,*,#912,.F.);
#1185=ORIENTED_EDGE('',*,*,#914,.F.);
#1186=ORIENTED_EDGE('',*,*,#915,.F.);
#1187=ORIENTED_EDGE('',*,*,#916,.F.);
#1188=ORIENTED_EDGE('',*,*,#917,.T.);
#1189=ORIENTED_EDGE('',*,*,#918,.T.);
#1190=ORIENTED_EDGE('',*,*,#919,.T.);
#1191=ORIENTED_EDGE('',*,*,#915,.T.);
#1192=ORIENTED_EDGE('',*,*,#918,.F.);
#1193=ORIENTED_EDGE('',*,*,#920,.F.);
#1194=ORIENTED_EDGE('',*,*,#921,.F.);
#1195=ORIENTED_EDGE('',*,*,#922,.F.);
#1196=ORIENTED_EDGE('',*,*,#923,.T.);
#1197=ORIENTED_EDGE('',*,*,#924,.T.);
#1198=ORIENTED_EDGE('',*,*,#925,.T.);
#1199=ORIENTED_EDGE('',*,*,#921,.T.);
#1200=ORIENTED_EDGE('',*,*,#907,.F.);
#1201=ORIENTED_EDGE('',*,*,#926,.F.);
#1202=ORIENTED_EDGE('',*,*,#924,.F.);
#1203=ORIENTED_EDGE('',*,*,#927,.F.);
#1204=ORIENTED_EDGE('',*,*,#860,.T.);
#1205=ORIENTED_EDGE('',*,*,#928,.T.);
#1206=ORIENTED_EDGE('',*,*,#929,.T.);
#1207=ORIENTED_EDGE('',*,*,#930,.T.);
#1208=ORIENTED_EDGE('',*,*,#928,.F.);
#1209=ORIENTED_EDGE('',*,*,#859,.F.);
#1210=ORIENTED_EDGE('',*,*,#931,.F.);
#1211=ORIENTED_EDGE('',*,*,#932,.F.);
#1212=ORIENTED_EDGE('',*,*,#862,.T.);
#1213=ORIENTED_EDGE('',*,*,#933,.T.);
#1214=ORIENTED_EDGE('',*,*,#934,.T.);
#1215=ORIENTED_EDGE('',*,*,#935,.T.);
#1216=ORIENTED_EDGE('',*,*,#930,.F.);
#1217=ORIENTED_EDGE('',*,*,#936,.F.);
#1218=ORIENTED_EDGE('',*,*,#933,.F.);
#1219=ORIENTED_EDGE('',*,*,#861,.F.);
#1220=ORIENTED_EDGE('',*,*,#864,.T.);
#1221=ORIENTED_EDGE('',*,*,#937,.T.);
#1222=ORIENTED_EDGE('',*,*,#938,.T.);
#1223=ORIENTED_EDGE('',*,*,#939,.T.);
#1224=ORIENTED_EDGE('',*,*,#935,.F.);
#1225=ORIENTED_EDGE('',*,*,#940,.F.);
#1226=ORIENTED_EDGE('',*,*,#937,.F.);
#1227=ORIENTED_EDGE('',*,*,#863,.F.);
#1228=ORIENTED_EDGE('',*,*,#858,.T.);
#1229=ORIENTED_EDGE('',*,*,#941,.T.);
#1230=ORIENTED_EDGE('',*,*,#942,.T.);
#1231=ORIENTED_EDGE('',*,*,#931,.T.);
#1232=ORIENTED_EDGE('',*,*,#939,.F.);
#1233=ORIENTED_EDGE('',*,*,#943,.F.);
#1234=ORIENTED_EDGE('',*,*,#941,.F.);
#1235=ORIENTED_EDGE('',*,*,#857,.F.);
#1236=ORIENTED_EDGE('',*,*,#878,.F.);
#1237=ORIENTED_EDGE('',*,*,#944,.F.);
#1238=ORIENTED_EDGE('',*,*,#945,.F.);
#1239=ORIENTED_EDGE('',*,*,#946,.T.);
#1240=ORIENTED_EDGE('',*,*,#879,.F.);
#1241=ORIENTED_EDGE('',*,*,#946,.F.);
#1242=ORIENTED_EDGE('',*,*,#947,.F.);
#1243=ORIENTED_EDGE('',*,*,#948,.T.);
#1244=ORIENTED_EDGE('',*,*,#876,.F.);
#1245=ORIENTED_EDGE('',*,*,#948,.F.);
#1246=ORIENTED_EDGE('',*,*,#949,.F.);
#1247=ORIENTED_EDGE('',*,*,#950,.T.);
#1248=ORIENTED_EDGE('',*,*,#877,.F.);
#1249=ORIENTED_EDGE('',*,*,#950,.F.);
#1250=ORIENTED_EDGE('',*,*,#951,.F.);
#1251=ORIENTED_EDGE('',*,*,#944,.T.);
#1252=ORIENTED_EDGE('',*,*,#874,.F.);
#1253=ORIENTED_EDGE('',*,*,#952,.F.);
#1254=ORIENTED_EDGE('',*,*,#953,.F.);
#1255=ORIENTED_EDGE('',*,*,#954,.T.);
#1256=ORIENTED_EDGE('',*,*,#875,.F.);
#1257=ORIENTED_EDGE('',*,*,#954,.F.);
#1258=ORIENTED_EDGE('',*,*,#955,.F.);
#1259=ORIENTED_EDGE('',*,*,#956,.T.);
#1260=ORIENTED_EDGE('',*,*,#872,.F.);
#1261=ORIENTED_EDGE('',*,*,#956,.F.);
#1262=ORIENTED_EDGE('',*,*,#957,.F.);
#1263=ORIENTED_EDGE('',*,*,#958,.T.);
#1264=ORIENTED_EDGE('',*,*,#873,.F.);
#1265=ORIENTED_EDGE('',*,*,#958,.F.);
#1266=ORIENTED_EDGE('',*,*,#959,.F.);
#1267=ORIENTED_EDGE('',*,*,#952,.T.);
#1268=ORIENTED_EDGE('',*,*,#868,.F.);
#1269=ORIENTED_EDGE('',*,*,#960,.F.);
#1270=ORIENTED_EDGE('',*,*,#961,.F.);
#1271=ORIENTED_EDGE('',*,*,#962,.T.);
#1272=ORIENTED_EDGE('',*,*,#943,.T.);
#1273=ORIENTED_EDGE('',*,*,#938,.F.);
#1274=ORIENTED_EDGE('',*,*,#940,.T.);
#1275=ORIENTED_EDGE('',*,*,#934,.F.);
#1276=ORIENTED_EDGE('',*,*,#936,.T.);
#1277=ORIENTED_EDGE('',*,*,#929,.F.);
#1278=ORIENTED_EDGE('',*,*,#932,.T.);
#1279=ORIENTED_EDGE('',*,*,#942,.F.);
#1280=ORIENTED_EDGE('',*,*,#963,.T.);
#1281=ORIENTED_EDGE('',*,*,#961,.T.);
#1282=ORIENTED_EDGE('',*,*,#964,.F.);
#1283=ORIENTED_EDGE('',*,*,#965,.F.);
#1284=ORIENTED_EDGE('',*,*,#886,.T.);
#1285=ORIENTED_EDGE('',*,*,#889,.F.);
#1286=ORIENTED_EDGE('',*,*,#892,.T.);
#1287=ORIENTED_EDGE('',*,*,#895,.F.);
#1288=ORIENTED_EDGE('',*,*,#898,.T.);
#1289=ORIENTED_EDGE('',*,*,#901,.F.);
#1290=ORIENTED_EDGE('',*,*,#902,.T.);
#1291=ORIENTED_EDGE('',*,*,#882,.F.);
#1292=ORIENTED_EDGE('',*,*,#916,.T.);
#1293=ORIENTED_EDGE('',*,*,#919,.F.);
#1294=ORIENTED_EDGE('',*,*,#922,.T.);
#1295=ORIENTED_EDGE('',*,*,#925,.F.);
#1296=ORIENTED_EDGE('',*,*,#926,.T.);
#1297=ORIENTED_EDGE('',*,*,#906,.F.);
#1298=ORIENTED_EDGE('',*,*,#910,.T.);
#1299=ORIENTED_EDGE('',*,*,#913,.F.);
#1300=ORIENTED_EDGE('',*,*,#966,.T.);
#1301=ORIENTED_EDGE('',*,*,#965,.T.);
#1302=ORIENTED_EDGE('',*,*,#967,.F.);
#1303=ORIENTED_EDGE('',*,*,#870,.F.);
#1304=ORIENTED_EDGE('',*,*,#968,.T.);
#1305=ORIENTED_EDGE('',*,*,#822,.T.);
#1306=ORIENTED_EDGE('',*,*,#820,.F.);
#1307=ORIENTED_EDGE('',*,*,#818,.F.);
#1308=ORIENTED_EDGE('',*,*,#969,.F.);
#1309=ORIENTED_EDGE('',*,*,#841,.T.);
#1310=ORIENTED_EDGE('',*,*,#842,.F.);
#1311=ORIENTED_EDGE('',*,*,#856,.F.);
#1312=ORIENTED_EDGE('',*,*,#884,.T.);
#1313=ORIENTED_EDGE('',*,*,#880,.F.);
#1314=ORIENTED_EDGE('',*,*,#903,.T.);
#1315=ORIENTED_EDGE('',*,*,#899,.F.);
#1316=ORIENTED_EDGE('',*,*,#896,.T.);
#1317=ORIENTED_EDGE('',*,*,#893,.F.);
#1318=ORIENTED_EDGE('',*,*,#890,.T.);
#1319=ORIENTED_EDGE('',*,*,#887,.F.);
#1320=ORIENTED_EDGE('',*,*,#914,.T.);
#1321=ORIENTED_EDGE('',*,*,#911,.F.);
#1322=ORIENTED_EDGE('',*,*,#908,.T.);
#1323=ORIENTED_EDGE('',*,*,#904,.F.);
#1324=ORIENTED_EDGE('',*,*,#927,.T.);
#1325=ORIENTED_EDGE('',*,*,#923,.F.);
#1326=ORIENTED_EDGE('',*,*,#920,.T.);
#1327=ORIENTED_EDGE('',*,*,#917,.F.);
#1328=ORIENTED_EDGE('',*,*,#970,.T.);
#1329=ORIENTED_EDGE('',*,*,#854,.T.);
#1330=ORIENTED_EDGE('',*,*,#851,.F.);
#1331=ORIENTED_EDGE('',*,*,#849,.F.);
#1332=ORIENTED_EDGE('',*,*,#971,.F.);
#1333=ORIENTED_EDGE('',*,*,#833,.T.);
#1334=ORIENTED_EDGE('',*,*,#834,.F.);
#1335=ORIENTED_EDGE('',*,*,#824,.F.);
#1336=ORIENTED_EDGE('',*,*,#949,.T.);
#1337=ORIENTED_EDGE('',*,*,#947,.T.);
#1338=ORIENTED_EDGE('',*,*,#945,.T.);
#1339=ORIENTED_EDGE('',*,*,#951,.T.);
#1340=ORIENTED_EDGE('',*,*,#957,.T.);
#1341=ORIENTED_EDGE('',*,*,#955,.T.);
#1342=ORIENTED_EDGE('',*,*,#953,.T.);
#1343=ORIENTED_EDGE('',*,*,#959,.T.);
#1344=ORIENTED_EDGE('',*,*,#971,.T.);
#1345=ORIENTED_EDGE('',*,*,#848,.F.);
#1346=ORIENTED_EDGE('',*,*,#844,.F.);
#1347=ORIENTED_EDGE('',*,*,#853,.T.);
#1348=ORIENTED_EDGE('',*,*,#835,.T.);
#1349=ORIENTED_EDGE('',*,*,#839,.T.);
#1350=ORIENTED_EDGE('',*,*,#969,.T.);
#1351=ORIENTED_EDGE('',*,*,#817,.F.);
#1352=ORIENTED_EDGE('',*,*,#813,.F.);
#1353=ORIENTED_EDGE('',*,*,#827,.T.);
#1354=ORIENTED_EDGE('',*,*,#828,.T.);
#1355=ORIENTED_EDGE('',*,*,#831,.T.);
#1356=ORIENTED_EDGE('',*,*,#871,.T.);
#1357=ORIENTED_EDGE('',*,*,#967,.T.);
#1358=ORIENTED_EDGE('',*,*,#964,.T.);
#1359=ORIENTED_EDGE('',*,*,#960,.T.);
#1360=ORIENTED_EDGE('',*,*,#867,.F.);
#1361=ORIENTED_EDGE('',*,*,#810,.T.);
#1362=ORIENTED_EDGE('',*,*,#807,.T.);
#1363=ORIENTED_EDGE('',*,*,#804,.T.);
#1364=ORIENTED_EDGE('',*,*,#801,.T.);
#1365=ORIENTED_EDGE('',*,*,#970,.F.);
#1366=ORIENTED_EDGE('',*,*,#823,.F.);
#1367=ORIENTED_EDGE('',*,*,#968,.F.);
#1368=ORIENTED_EDGE('',*,*,#855,.F.);
#1369=ORIENTED_EDGE('',*,*,#865,.F.);
#1370=ORIENTED_EDGE('',*,*,#962,.F.);
#1371=ORIENTED_EDGE('',*,*,#963,.F.);
#1372=ORIENTED_EDGE('',*,*,#966,.F.);
#1373=ORIENTED_EDGE('',*,*,#869,.F.);
#1374=CYLINDRICAL_SURFACE('',#1493,1.85);
#1375=CYLINDRICAL_SURFACE('',#1497,1.85);
#1376=CYLINDRICAL_SURFACE('',#1501,1.85);
#1377=CYLINDRICAL_SURFACE('',#1505,3.5);
#1378=CYLINDRICAL_SURFACE('',#1509,3.5);
#1379=CYLINDRICAL_SURFACE('',#1513,3.5);
#1380=CYLINDRICAL_SURFACE('',#1523,1.6);
#1381=CYLINDRICAL_SURFACE('',#1527,1.6);
#1382=CYLINDRICAL_SURFACE('',#1531,1.6);
#1383=CYLINDRICAL_SURFACE('',#1535,1.6);
#1384=CYLINDRICAL_SURFACE('',#1557,1.);
#1385=CYLINDRICAL_SURFACE('',#1561,1.);
#1386=CYLINDRICAL_SURFACE('',#1565,1.);
#1387=CYLINDRICAL_SURFACE('',#1569,1.);
#1388=CYLINDRICAL_SURFACE('',#1573,1.);
#1389=CYLINDRICAL_SURFACE('',#1577,1.);
#1390=CYLINDRICAL_SURFACE('',#1581,1.);
#1391=CYLINDRICAL_SURFACE('',#1585,1.);
#1392=CYLINDRICAL_SURFACE('',#1589,1.);
#1393=CYLINDRICAL_SURFACE('',#1593,1.);
#1394=CYLINDRICAL_SURFACE('',#1596,1.);
#1395=CYLINDRICAL_SURFACE('',#1599,1.);
#1396=CYLINDRICAL_SURFACE('',#1602,1.);
#1397=ADVANCED_FACE('',(#97),#1374,.F.);
#1398=ADVANCED_FACE('',(#98),#39,.F.);
#1399=ADVANCED_FACE('',(#99),#1375,.F.);
#1400=ADVANCED_FACE('',(#100),#40,.F.);
#1401=ADVANCED_FACE('',(#101),#1376,.F.);
#1402=ADVANCED_FACE('',(#102),#41,.F.);
#1403=ADVANCED_FACE('',(#103),#1377,.T.);
#1404=ADVANCED_FACE('',(#104,#17),#42,.T.);
#1405=ADVANCED_FACE('',(#105),#1378,.T.);
#1406=ADVANCED_FACE('',(#106,#18),#43,.T.);
#1407=ADVANCED_FACE('',(#107),#1379,.T.);
#1408=ADVANCED_FACE('',(#108,#19),#44,.T.);
#1409=ADVANCED_FACE('',(#109),#45,.T.);
#1410=ADVANCED_FACE('',(#110),#46,.T.);
#1411=ADVANCED_FACE('',(#111),#47,.T.);
#1412=ADVANCED_FACE('',(#112),#48,.T.);
#1413=ADVANCED_FACE('',(#113,#20,#21,#22),#49,.T.);
#1414=ADVANCED_FACE('',(#114),#50,.F.);
#1415=ADVANCED_FACE('',(#115),#1380,.F.);
#1416=ADVANCED_FACE('',(#116),#51,.T.);
#1417=ADVANCED_FACE('',(#117),#1381,.F.);
#1418=ADVANCED_FACE('',(#118),#52,.T.);
#1419=ADVANCED_FACE('',(#119),#1382,.F.);
#1420=ADVANCED_FACE('',(#120),#53,.T.);
#1421=ADVANCED_FACE('',(#121),#1383,.F.);
#1422=ADVANCED_FACE('',(#122),#54,.T.);
#1423=ADVANCED_FACE('',(#123),#55,.T.);
#1424=ADVANCED_FACE('',(#124),#56,.T.);
#1425=ADVANCED_FACE('',(#125),#57,.T.);
#1426=ADVANCED_FACE('',(#126),#58,.T.);
#1427=ADVANCED_FACE('',(#127),#59,.T.);
#1428=ADVANCED_FACE('',(#128),#60,.T.);
#1429=ADVANCED_FACE('',(#129),#61,.T.);
#1430=ADVANCED_FACE('',(#130),#62,.T.);
#1431=ADVANCED_FACE('',(#131),#63,.T.);
#1432=ADVANCED_FACE('',(#132),#64,.T.);
#1433=ADVANCED_FACE('',(#133),#65,.T.);
#1434=ADVANCED_FACE('',(#134),#66,.T.);
#1435=ADVANCED_FACE('',(#135),#67,.T.);
#1436=ADVANCED_FACE('',(#136,#23),#68,.T.);
#1437=ADVANCED_FACE('',(#137),#1384,.F.);
#1438=ADVANCED_FACE('',(#138,#24,#25),#69,.T.);
#1439=ADVANCED_FACE('',(#139),#1385,.F.);
#1440=ADVANCED_FACE('',(#140),#70,.F.);
#1441=ADVANCED_FACE('',(#141),#1386,.F.);
#1442=ADVANCED_FACE('',(#142),#71,.F.);
#1443=ADVANCED_FACE('',(#143),#1387,.F.);
#1444=ADVANCED_FACE('',(#144),#72,.F.);
#1445=ADVANCED_FACE('',(#145),#1388,.F.);
#1446=ADVANCED_FACE('',(#146),#73,.F.);
#1447=ADVANCED_FACE('',(#147),#1389,.F.);
#1448=ADVANCED_FACE('',(#148),#74,.F.);
#1449=ADVANCED_FACE('',(#149),#1390,.F.);
#1450=ADVANCED_FACE('',(#150),#75,.F.);
#1451=ADVANCED_FACE('',(#151),#1391,.F.);
#1452=ADVANCED_FACE('',(#152),#76,.F.);
#1453=ADVANCED_FACE('',(#153),#1392,.F.);
#1454=ADVANCED_FACE('',(#154),#77,.F.);
#1455=ADVANCED_FACE('',(#155),#1393,.F.);
#1456=ADVANCED_FACE('',(#156),#78,.F.);
#1457=ADVANCED_FACE('',(#157),#1394,.F.);
#1458=ADVANCED_FACE('',(#158),#79,.F.);
#1459=ADVANCED_FACE('',(#159),#1395,.F.);
#1460=ADVANCED_FACE('',(#160),#80,.F.);
#1461=ADVANCED_FACE('',(#161),#1396,.F.);
#1462=ADVANCED_FACE('',(#162),#81,.F.);
#1463=ADVANCED_FACE('',(#163),#82,.F.);
#1464=ADVANCED_FACE('',(#164),#83,.F.);
#1465=ADVANCED_FACE('',(#165),#84,.F.);
#1466=ADVANCED_FACE('',(#166),#85,.F.);
#1467=ADVANCED_FACE('',(#167),#86,.F.);
#1468=ADVANCED_FACE('',(#168),#87,.F.);
#1469=ADVANCED_FACE('',(#169),#88,.F.);
#1470=ADVANCED_FACE('',(#170),#89,.F.);
#1471=ADVANCED_FACE('',(#171,#26),#90,.T.);
#1472=ADVANCED_FACE('',(#172,#27,#28),#91,.T.);
#1473=ADVANCED_FACE('',(#173),#92,.T.);
#1474=ADVANCED_FACE('',(#174,#29,#30),#93,.T.);
#1475=ADVANCED_FACE('',(#175,#31,#32),#94,.T.);
#1476=ADVANCED_FACE('',(#176,#33,#34,#35,#36,#37),#95,.T.);
#1477=ADVANCED_FACE('',(#177,#38),#96,.F.);
#1478=CLOSED_SHELL('',(#1397,#1398,#1399,#1400,#1401,#1402,#1403,#1404,
#1405,#1406,#1407,#1408,#1409,#1410,#1411,#1412,#1413,#1414));
#1479=CLOSED_SHELL('',(#1415,#1416,#1417,#1418,#1419,#1420,#1421,#1422,
#1423,#1424,#1425,#1426,#1427,#1428,#1429,#1430,#1431,#1432,#1433,#1434,
#1435,#1436,#1437,#1438,#1439,#1440,#1441,#1442,#1443,#1444,#1445,#1446,
#1447,#1448,#1449,#1450,#1451,#1452,#1453,#1454,#1455,#1456,#1457,#1458,
#1459,#1460,#1461,#1462,#1463,#1464,#1465,#1466,#1467,#1468,#1469,#1470,
#1471,#1472,#1473,#1474,#1475,#1476,#1477));
#1480=DERIVED_UNIT_ELEMENT(#1482,1.);
#1481=DERIVED_UNIT_ELEMENT(#2453,-3.);
#1482=(
MASS_UNIT()
NAMED_UNIT(*)
SI_UNIT(.KILO.,.GRAM.)
);
#1483=DERIVED_UNIT((#1480,#1481));
#1484=MEASURE_REPRESENTATION_ITEM('density measure',
POSITIVE_RATIO_MEASURE(7850.),#1483);
#1485=PROPERTY_DEFINITION_REPRESENTATION(#1490,#1487);
#1486=PROPERTY_DEFINITION_REPRESENTATION(#1491,#1488);
#1487=REPRESENTATION('material name',(#1489),#2450);
#1488=REPRESENTATION('density',(#1484),#2450);
#1489=DESCRIPTIVE_REPRESENTATION_ITEM('Steel','Steel');
#1490=PROPERTY_DEFINITION('material property','material name',#2460);
#1491=PROPERTY_DEFINITION('material property','density of part',#2460);
#1492=AXIS2_PLACEMENT_3D('',#2031,#1620,#1621);
#1493=AXIS2_PLACEMENT_3D('',#2032,#1622,#1623);
#1494=AXIS2_PLACEMENT_3D('',#2034,#1624,#1625);
#1495=AXIS2_PLACEMENT_3D('',#2037,#1627,#1628);
#1496=AXIS2_PLACEMENT_3D('',#2038,#1629,#1630);
#1497=AXIS2_PLACEMENT_3D('',#2039,#1631,#1632);
#1498=AXIS2_PLACEMENT_3D('',#2041,#1633,#1634);
#1499=AXIS2_PLACEMENT_3D('',#2044,#1636,#1637);
#1500=AXIS2_PLACEMENT_3D('',#2045,#1638,#1639);
#1501=AXIS2_PLACEMENT_3D('',#2046,#1640,#1641);
#1502=AXIS2_PLACEMENT_3D('',#2048,#1642,#1643);
#1503=AXIS2_PLACEMENT_3D('',#2051,#1645,#1646);
#1504=AXIS2_PLACEMENT_3D('',#2052,#1647,#1648);
#1505=AXIS2_PLACEMENT_3D('',#2053,#1649,#1650);
#1506=AXIS2_PLACEMENT_3D('',#2055,#1651,#1652);
#1507=AXIS2_PLACEMENT_3D('',#2058,#1654,#1655);
#1508=AXIS2_PLACEMENT_3D('',#2059,#1656,#1657);
#1509=AXIS2_PLACEMENT_3D('',#2060,#1658,#1659);
#1510=AXIS2_PLACEMENT_3D('',#2062,#1660,#1661);
#1511=AXIS2_PLACEMENT_3D('',#2065,#1663,#1664);
#1512=AXIS2_PLACEMENT_3D('',#2066,#1665,#1666);
#1513=AXIS2_PLACEMENT_3D('',#2067,#1667,#1668);
#1514=AXIS2_PLACEMENT_3D('',#2069,#1669,#1670);
#1515=AXIS2_PLACEMENT_3D('',#2072,#1672,#1673);
#1516=AXIS2_PLACEMENT_3D('',#2073,#1674,#1675);
#1517=AXIS2_PLACEMENT_3D('',#2074,#1676,#1677);
#1518=AXIS2_PLACEMENT_3D('',#2083,#1682,#1683);
#1519=AXIS2_PLACEMENT_3D('',#2089,#1687,#1688);
#1520=AXIS2_PLACEMENT_3D('',#2095,#1692,#1693);
#1521=AXIS2_PLACEMENT_3D('',#2098,#1696,#1697);
#1522=AXIS2_PLACEMENT_3D('',#2099,#1698,#1699);
#1523=AXIS2_PLACEMENT_3D('',#2100,#1700,#1701);
#1524=AXIS2_PLACEMENT_3D('',#2102,#1702,#1703);
#1525=AXIS2_PLACEMENT_3D('',#2105,#1705,#1706);
#1526=AXIS2_PLACEMENT_3D('',#2106,#1707,#1708);
#1527=AXIS2_PLACEMENT_3D('',#2107,#1709,#1710);
#1528=AXIS2_PLACEMENT_3D('',#2109,#1711,#1712);
#1529=AXIS2_PLACEMENT_3D('',#2112,#1714,#1715);
#1530=AXIS2_PLACEMENT_3D('',#2113,#1716,#1717);
#1531=AXIS2_PLACEMENT_3D('',#2114,#1718,#1719);
#1532=AXIS2_PLACEMENT_3D('',#2116,#1720,#1721);
#1533=AXIS2_PLACEMENT_3D('',#2119,#1723,#1724);
#1534=AXIS2_PLACEMENT_3D('',#2120,#1725,#1726);
#1535=AXIS2_PLACEMENT_3D('',#2121,#1727,#1728);
#1536=AXIS2_PLACEMENT_3D('',#2123,#1729,#1730);
#1537=AXIS2_PLACEMENT_3D('',#2126,#1732,#1733);
#1538=AXIS2_PLACEMENT_3D('',#2127,#1734,#1735);
#1539=AXIS2_PLACEMENT_3D('',#2128,#1736,#1737);
#1540=AXIS2_PLACEMENT_3D('',#2137,#1742,#1743);
#1541=AXIS2_PLACEMENT_3D('',#2143,#1747,#1748);
#1542=AXIS2_PLACEMENT_3D('',#2147,#1751,#1752);
#1543=AXIS2_PLACEMENT_3D('',#2159,#1759,#1760);
#1544=AXIS2_PLACEMENT_3D('',#2165,#1764,#1765);
#1545=AXIS2_PLACEMENT_3D('',#2171,#1769,#1770);
#1546=AXIS2_PLACEMENT_3D('',#2173,#1772,#1773);
#1547=AXIS2_PLACEMENT_3D('',#2182,#1778,#1779);
#1548=AXIS2_PLACEMENT_3D('',#2188,#1783,#1784);
#1549=AXIS2_PLACEMENT_3D('',#2192,#1787,#1788);
#1550=AXIS2_PLACEMENT_3D('',#2201,#1793,#1794);
#1551=AXIS2_PLACEMENT_3D('',#2207,#1798,#1799);
#1552=AXIS2_PLACEMENT_3D('',#2211,#1802,#1803);
#1553=AXIS2_PLACEMENT_3D('',#2222,#1809,#1810);
#1554=AXIS2_PLACEMENT_3D('',#2226,#1812,#1813);
#1555=AXIS2_PLACEMENT_3D('',#2230,#1815,#1816);
#1556=AXIS2_PLACEMENT_3D('',#2233,#1818,#1819);
#1557=AXIS2_PLACEMENT_3D('',#2234,#1820,#1821);
#1558=AXIS2_PLACEMENT_3D('',#2237,#1822,#1823);
#1559=AXIS2_PLACEMENT_3D('',#2241,#1825,#1826);
#1560=AXIS2_PLACEMENT_3D('',#2243,#1828,#1829);
#1561=AXIS2_PLACEMENT_3D('',#2265,#1841,#1842);
#1562=AXIS2_PLACEMENT_3D('',#2268,#1843,#1844);
#1563=AXIS2_PLACEMENT_3D('',#2272,#1846,#1847);
#1564=AXIS2_PLACEMENT_3D('',#2274,#1849,#1850);
#1565=AXIS2_PLACEMENT_3D('',#2280,#1854,#1855);
#1566=AXIS2_PLACEMENT_3D('',#2282,#1856,#1857);
#1567=AXIS2_PLACEMENT_3D('',#2285,#1859,#1860);
#1568=AXIS2_PLACEMENT_3D('',#2286,#1861,#1862);
#1569=AXIS2_PLACEMENT_3D('',#2292,#1866,#1867);
#1570=AXIS2_PLACEMENT_3D('',#2294,#1868,#1869);
#1571=AXIS2_PLACEMENT_3D('',#2297,#1871,#1872);
#1572=AXIS2_PLACEMENT_3D('',#2298,#1873,#1874);
#1573=AXIS2_PLACEMENT_3D('',#2304,#1878,#1879);
#1574=AXIS2_PLACEMENT_3D('',#2306,#1880,#1881);
#1575=AXIS2_PLACEMENT_3D('',#2309,#1883,#1884);
#1576=AXIS2_PLACEMENT_3D('',#2310,#1885,#1886);
#1577=AXIS2_PLACEMENT_3D('',#2313,#1889,#1890);
#1578=AXIS2_PLACEMENT_3D('',#2316,#1891,#1892);
#1579=AXIS2_PLACEMENT_3D('',#2320,#1894,#1895);
#1580=AXIS2_PLACEMENT_3D('',#2322,#1897,#1898);
#1581=AXIS2_PLACEMENT_3D('',#2328,#1902,#1903);
#1582=AXIS2_PLACEMENT_3D('',#2330,#1904,#1905);
#1583=AXIS2_PLACEMENT_3D('',#2333,#1907,#1908);
#1584=AXIS2_PLACEMENT_3D('',#2334,#1909,#1910);
#1585=AXIS2_PLACEMENT_3D('',#2340,#1914,#1915);
#1586=AXIS2_PLACEMENT_3D('',#2342,#1916,#1917);
#1587=AXIS2_PLACEMENT_3D('',#2345,#1919,#1920);
#1588=AXIS2_PLACEMENT_3D('',#2346,#1921,#1922);
#1589=AXIS2_PLACEMENT_3D('',#2352,#1926,#1927);
#1590=AXIS2_PLACEMENT_3D('',#2354,#1928,#1929);
#1591=AXIS2_PLACEMENT_3D('',#2357,#1931,#1932);
#1592=AXIS2_PLACEMENT_3D('',#2358,#1933,#1934);
#1593=AXIS2_PLACEMENT_3D('',#2361,#1937,#1938);
#1594=AXIS2_PLACEMENT_3D('',#2365,#1940,#1941);
#1595=AXIS2_PLACEMENT_3D('',#2367,#1943,#1944);
#1596=AXIS2_PLACEMENT_3D('',#2371,#1947,#1948);
#1597=AXIS2_PLACEMENT_3D('',#2375,#1950,#1951);
#1598=AXIS2_PLACEMENT_3D('',#2377,#1953,#1954);
#1599=AXIS2_PLACEMENT_3D('',#2379,#1956,#1957);
#1600=AXIS2_PLACEMENT_3D('',#2383,#1959,#1960);
#1601=AXIS2_PLACEMENT_3D('',#2385,#1962,#1963);
#1602=AXIS2_PLACEMENT_3D('',#2387,#1965,#1966);
#1603=AXIS2_PLACEMENT_3D('',#2390,#1968,#1969);
#1604=AXIS2_PLACEMENT_3D('',#2391,#1970,#1971);
#1605=AXIS2_PLACEMENT_3D('',#2393,#1973,#1974);
#1606=AXIS2_PLACEMENT_3D('',#2399,#1978,#1979);
#1607=AXIS2_PLACEMENT_3D('',#2403,#1982,#1983);
#1608=AXIS2_PLACEMENT_3D('',#2407,#1986,#1987);
#1609=AXIS2_PLACEMENT_3D('',#2409,#1989,#1990);
#1610=AXIS2_PLACEMENT_3D('',#2415,#1994,#1995);
#1611=AXIS2_PLACEMENT_3D('',#2419,#1998,#1999);
#1612=AXIS2_PLACEMENT_3D('',#2423,#2002,#2003);
#1613=AXIS2_PLACEMENT_3D('',#2425,#2005,#2006);
#1614=AXIS2_PLACEMENT_3D('',#2431,#2010,#2011);
#1615=AXIS2_PLACEMENT_3D('',#2437,#2015,#2016);
#1616=AXIS2_PLACEMENT_3D('',#2440,#2019,#2020);
#1617=AXIS2_PLACEMENT_3D('',#2443,#2023,#2024);
#1618=AXIS2_PLACEMENT_3D('',#2446,#2027,#2028);
#1619=AXIS2_PLACEMENT_3D('',#2447,#2029,#2030);
#1620=DIRECTION('axis',(0.,0.,1.));
#1621=DIRECTION('refdir',(1.,0.,0.));
#1622=DIRECTION('center_axis',(0.,0.,-1.));
#1623=DIRECTION('ref_axis',(1.,0.,0.));
#1624=DIRECTION('center_axis',(0.,0.,-1.));
#1625=DIRECTION('ref_axis',(1.,0.,0.));
#1626=DIRECTION('',(0.,0.,-1.));
#1627=DIRECTION('center_axis',(0.,0.,-1.));
#1628=DIRECTION('ref_axis',(1.,0.,0.));
#1629=DIRECTION('center_axis',(0.,0.,-1.));
#1630=DIRECTION('ref_axis',(1.,0.,0.));
#1631=DIRECTION('center_axis',(0.,0.,-1.));
#1632=DIRECTION('ref_axis',(1.,0.,0.));
#1633=DIRECTION('center_axis',(0.,0.,-1.));
#1634=DIRECTION('ref_axis',(1.,0.,0.));
#1635=DIRECTION('',(0.,0.,-1.));
#1636=DIRECTION('center_axis',(0.,0.,-1.));
#1637=DIRECTION('ref_axis',(1.,0.,0.));
#1638=DIRECTION('center_axis',(0.,0.,-1.));
#1639=DIRECTION('ref_axis',(1.,0.,0.));
#1640=DIRECTION('center_axis',(0.,0.,-1.));
#1641=DIRECTION('ref_axis',(1.,0.,0.));
#1642=DIRECTION('center_axis',(0.,0.,-1.));
#1643=DIRECTION('ref_axis',(1.,0.,0.));
#1644=DIRECTION('',(0.,0.,-1.));
#1645=DIRECTION('center_axis',(0.,0.,-1.));
#1646=DIRECTION('ref_axis',(1.,0.,0.));
#1647=DIRECTION('center_axis',(0.,0.,-1.));
#1648=DIRECTION('ref_axis',(1.,0.,0.));
#1649=DIRECTION('center_axis',(0.,0.,1.));
#1650=DIRECTION('ref_axis',(-1.,0.,0.));
#1651=DIRECTION('center_axis',(0.,0.,1.));
#1652=DIRECTION('ref_axis',(-1.,0.,0.));
#1653=DIRECTION('',(0.,0.,-1.));
#1654=DIRECTION('center_axis',(0.,0.,-1.));
#1655=DIRECTION('ref_axis',(-1.,0.,0.));
#1656=DIRECTION('center_axis',(0.,0.,1.));
#1657=DIRECTION('ref_axis',(-1.,0.,0.));
#1658=DIRECTION('center_axis',(0.,0.,1.));
#1659=DIRECTION('ref_axis',(-1.,0.,0.));
#1660=DIRECTION('center_axis',(0.,0.,1.));
#1661=DIRECTION('ref_axis',(-1.,0.,0.));
#1662=DIRECTION('',(0.,0.,-1.));
#1663=DIRECTION('center_axis',(0.,0.,-1.));
#1664=DIRECTION('ref_axis',(-1.,0.,0.));
#1665=DIRECTION('center_axis',(0.,0.,1.));
#1666=DIRECTION('ref_axis',(-1.,0.,0.));
#1667=DIRECTION('center_axis',(0.,0.,1.));
#1668=DIRECTION('ref_axis',(-1.,0.,0.));
#1669=DIRECTION('center_axis',(0.,0.,1.));
#1670=DIRECTION('ref_axis',(-1.,0.,0.));
#1671=DIRECTION('',(0.,0.,-1.));
#1672=DIRECTION('center_axis',(0.,0.,-1.));
#1673=DIRECTION('ref_axis',(-1.,0.,0.));
#1674=DIRECTION('center_axis',(0.,0.,1.));
#1675=DIRECTION('ref_axis',(-1.,0.,0.));
#1676=DIRECTION('center_axis',(0.,-1.,0.));
#1677=DIRECTION('ref_axis',(1.,0.,0.));
#1678=DIRECTION('',(1.,0.,0.));
#1679=DIRECTION('',(0.,0.,1.));
#1680=DIRECTION('',(1.,0.,0.));
#1681=DIRECTION('',(0.,0.,1.));
#1682=DIRECTION('center_axis',(-1.,-4.5039473615625E-16,0.));
#1683=DIRECTION('ref_axis',(4.5039473615625E-16,-1.,0.));
#1684=DIRECTION('',(4.5039473615625E-16,-1.,0.));
#1685=DIRECTION('',(4.5039473615625E-16,-1.,0.));
#1686=DIRECTION('',(0.,0.,1.));
#1687=DIRECTION('center_axis',(-6.59865096359677E-17,1.,0.));
#1688=DIRECTION('ref_axis',(-1.,-6.59865096359677E-17,0.));
#1689=DIRECTION('',(-1.,-6.59865096359677E-17,0.));
#1690=DIRECTION('',(-1.,-6.59865096359677E-17,0.));
#1691=DIRECTION('',(0.,0.,1.));
#1692=DIRECTION('center_axis',(1.,1.801578944625E-16,0.));
#1693=DIRECTION('ref_axis',(-1.801578944625E-16,1.,0.));
#1694=DIRECTION('',(-1.801578944625E-16,1.,0.));
#1695=DIRECTION('',(-1.801578944625E-16,1.,0.));
#1696=DIRECTION('center_axis',(0.,0.,1.));
#1697=DIRECTION('ref_axis',(1.,0.,0.));
#1698=DIRECTION('center_axis',(0.,0.,1.));
#1699=DIRECTION('ref_axis',(1.,0.,0.));
#1700=DIRECTION('center_axis',(0.,0.,-1.));
#1701=DIRECTION('ref_axis',(-1.,0.,0.));
#1702=DIRECTION('center_axis',(0.,0.,-1.));
#1703=DIRECTION('ref_axis',(-1.,0.,0.));
#1704=DIRECTION('',(0.,0.,-1.));
#1705=DIRECTION('center_axis',(0.,0.,-1.));
#1706=DIRECTION('ref_axis',(-1.,0.,0.));
#1707=DIRECTION('center_axis',(0.,0.,1.));
#1708=DIRECTION('ref_axis',(-1.,0.,0.));
#1709=DIRECTION('center_axis',(0.,0.,-1.));
#1710=DIRECTION('ref_axis',(-1.,0.,0.));
#1711=DIRECTION('center_axis',(0.,0.,-1.));
#1712=DIRECTION('ref_axis',(-1.,0.,0.));
#1713=DIRECTION('',(0.,0.,-1.));
#1714=DIRECTION('center_axis',(0.,0.,-1.));
#1715=DIRECTION('ref_axis',(-1.,0.,0.));
#1716=DIRECTION('center_axis',(0.,0.,1.));
#1717=DIRECTION('ref_axis',(-1.,0.,0.));
#1718=DIRECTION('center_axis',(0.,0.,-1.));
#1719=DIRECTION('ref_axis',(-1.,0.,0.));
#1720=DIRECTION('center_axis',(0.,0.,-1.));
#1721=DIRECTION('ref_axis',(-1.,0.,0.));
#1722=DIRECTION('',(0.,0.,-1.));
#1723=DIRECTION('center_axis',(0.,0.,-1.));
#1724=DIRECTION('ref_axis',(-1.,0.,0.));
#1725=DIRECTION('center_axis',(0.,0.,1.));
#1726=DIRECTION('ref_axis',(-1.,0.,0.));
#1727=DIRECTION('center_axis',(0.,0.,-1.));
#1728=DIRECTION('ref_axis',(-1.,0.,0.));
#1729=DIRECTION('center_axis',(0.,0.,-1.));
#1730=DIRECTION('ref_axis',(-1.,0.,0.));
#1731=DIRECTION('',(0.,0.,-1.));
#1732=DIRECTION('center_axis',(0.,0.,-1.));
#1733=DIRECTION('ref_axis',(-1.,0.,0.));
#1734=DIRECTION('center_axis',(0.,0.,1.));
#1735=DIRECTION('ref_axis',(-1.,0.,0.));
#1736=DIRECTION('center_axis',(1.,0.,0.));
#1737=DIRECTION('ref_axis',(0.,-1.,0.));
#1738=DIRECTION('',(0.,-1.,0.));
#1739=DIRECTION('',(0.,0.,-1.));
#1740=DIRECTION('',(0.,-1.,0.));
#1741=DIRECTION('',(0.,0.,-1.));
#1742=DIRECTION('center_axis',(0.,-1.,0.));
#1743=DIRECTION('ref_axis',(-1.,0.,0.));
#1744=DIRECTION('',(-1.,0.,0.));
#1745=DIRECTION('',(0.,0.,-1.));
#1746=DIRECTION('',(-1.,0.,0.));
#1747=DIRECTION('center_axis',(0.,0.,-1.));
#1748=DIRECTION('ref_axis',(-1.,0.,0.));
#1749=DIRECTION('',(0.,1.,0.));
#1750=DIRECTION('',(-1.,-1.28164274127002E-16,0.));
#1751=DIRECTION('center_axis',(1.28164274127002E-16,-1.,0.));
#1752=DIRECTION('ref_axis',(1.,1.28164274127002E-16,0.));
#1753=DIRECTION('',(0.,0.,1.));
#1754=DIRECTION('',(1.,1.28164274127002E-16,0.));
#1755=DIRECTION('',(0.,0.,1.));
#1756=DIRECTION('',(-1.,-1.28164274127002E-16,0.));
#1757=DIRECTION('',(0.,0.,1.));
#1758=DIRECTION('',(1.,1.28164274127002E-16,0.));
#1759=DIRECTION('center_axis',(-1.,0.,0.));
#1760=DIRECTION('ref_axis',(0.,1.,0.));
#1761=DIRECTION('',(0.,-1.,0.));
#1762=DIRECTION('',(0.,1.,0.));
#1763=DIRECTION('',(0.,0.,-1.));
#1764=DIRECTION('center_axis',(0.,-1.,0.));
#1765=DIRECTION('ref_axis',(-1.,0.,0.));
#1766=DIRECTION('',(1.,0.,0.));
#1767=DIRECTION('',(-1.,0.,0.));
#1768=DIRECTION('',(0.,0.,-1.));
#1769=DIRECTION('center_axis',(0.,0.,-1.));
#1770=DIRECTION('ref_axis',(-1.,0.,0.));
#1771=DIRECTION('',(0.,-1.,0.));
#1772=DIRECTION('center_axis',(1.,0.,0.));
#1773=DIRECTION('ref_axis',(0.,-1.,0.));
#1774=DIRECTION('',(0.,1.,0.));
#1775=DIRECTION('',(0.,0.,1.));
#1776=DIRECTION('',(0.,-1.,0.));
#1777=DIRECTION('',(0.,0.,-1.));
#1778=DIRECTION('center_axis',(0.,1.,0.));
#1779=DIRECTION('ref_axis',(1.,0.,0.));
#1780=DIRECTION('',(-1.,0.,0.));
#1781=DIRECTION('',(1.,0.,0.));
#1782=DIRECTION('',(0.,0.,-1.));
#1783=DIRECTION('center_axis',(0.,0.,-1.));
#1784=DIRECTION('ref_axis',(-1.,0.,0.));
#1785=DIRECTION('',(0.,1.,0.));
#1786=DIRECTION('',(1.,0.,0.));
#1787=DIRECTION('center_axis',(-1.,0.,0.));
#1788=DIRECTION('ref_axis',(0.,1.,0.));
#1789=DIRECTION('',(0.,1.,0.));
#1790=DIRECTION('',(0.,0.,-1.));
#1791=DIRECTION('',(0.,1.,0.));
#1792=DIRECTION('',(0.,0.,-1.));
#1793=DIRECTION('center_axis',(0.,1.,0.));
#1794=DIRECTION('ref_axis',(1.,0.,0.));
#1795=DIRECTION('',(1.,0.,0.));
#1796=DIRECTION('',(0.,0.,-1.));
#1797=DIRECTION('',(1.,0.,0.));
#1798=DIRECTION('center_axis',(0.,0.,-1.));
#1799=DIRECTION('ref_axis',(-1.,0.,0.));
#1800=DIRECTION('',(0.,-1.,0.));
#1801=DIRECTION('',(1.,0.,0.));
#1802=DIRECTION('center_axis',(0.,1.,0.));
#1803=DIRECTION('ref_axis',(-1.,0.,0.));
#1804=DIRECTION('',(-1.,0.,0.));
#1805=DIRECTION('',(0.,0.,1.));
#1806=DIRECTION('',(-1.,0.,0.));
#1807=DIRECTION('',(0.,0.,1.));
#1808=DIRECTION('',(0.,0.,-1.));
#1809=DIRECTION('center_axis',(0.,1.,0.));
#1810=DIRECTION('ref_axis',(-0.707106781186547,0.,-0.707106781186548));
#1811=DIRECTION('',(1.,0.,0.));
#1812=DIRECTION('center_axis',(0.,1.,0.));
#1813=DIRECTION('ref_axis',(0.707106781186547,0.,-0.707106781186548));
#1814=DIRECTION('',(0.,0.,1.));
#1815=DIRECTION('center_axis',(0.,1.,0.));
#1816=DIRECTION('ref_axis',(0.707106781186547,0.,0.707106781186548));
#1817=DIRECTION('',(-1.,0.,0.));
#1818=DIRECTION('center_axis',(0.,1.,0.));
#1819=DIRECTION('ref_axis',(-0.707106781186547,0.,0.707106781186548));
#1820=DIRECTION('center_axis',(0.,0.,1.));
#1821=DIRECTION('ref_axis',(0.707106781186544,0.707106781186551,0.));
#1822=DIRECTION('center_axis',(0.,0.,-1.));
#1823=DIRECTION('ref_axis',(0.707106781186544,0.707106781186551,0.));
#1824=DIRECTION('',(0.,0.,1.));
#1825=DIRECTION('center_axis',(0.,0.,1.));
#1826=DIRECTION('ref_axis',(0.707106781186544,0.707106781186551,0.));
#1827=DIRECTION('',(0.,0.,-1.));
#1828=DIRECTION('center_axis',(-1.,-1.801578944625E-16,0.));
#1829=DIRECTION('ref_axis',(1.801578944625E-16,-1.,0.));
#1830=DIRECTION('',(1.801578944625E-16,-1.,0.));
#1831=DIRECTION('',(0.,0.,1.));
#1832=DIRECTION('',(1.801578944625E-16,-1.,0.));
#1833=DIRECTION('',(0.,0.,1.));
#1834=DIRECTION('',(1.801578944625E-16,-1.,0.));
#1835=DIRECTION('',(0.,0.,-1.));
#1836=DIRECTION('',(-1.801578944625E-16,1.,0.));
#1837=DIRECTION('',(0.,0.,1.));
#1838=DIRECTION('',(1.801578944625E-16,-1.,0.));
#1839=DIRECTION('',(0.,0.,-1.));
#1840=DIRECTION('',(-1.801578944625E-16,1.,0.));
#1841=DIRECTION('center_axis',(1.,0.,0.));
#1842=DIRECTION('ref_axis',(0.,-0.707106781186549,-0.707106781186546));
#1843=DIRECTION('center_axis',(-1.,0.,0.));
#1844=DIRECTION('ref_axis',(0.,-0.707106781186549,-0.707106781186546));
#1845=DIRECTION('',(1.,0.,0.));
#1846=DIRECTION('center_axis',(1.,4.5039473615625E-16,0.));
#1847=DIRECTION('ref_axis',(0.,-0.707106781186549,-0.707106781186546));
#1848=DIRECTION('',(-1.,0.,0.));
#1849=DIRECTION('center_axis',(0.,-1.,0.));
#1850=DIRECTION('ref_axis',(0.,0.,-1.));
#1851=DIRECTION('',(0.,0.,-1.));
#1852=DIRECTION('',(-1.,0.,0.));
#1853=DIRECTION('',(0.,0.,1.));
#1854=DIRECTION('center_axis',(1.,0.,0.));
#1855=DIRECTION('ref_axis',(0.,-0.707106781186549,0.707106781186546));
#1856=DIRECTION('center_axis',(-1.,0.,0.));
#1857=DIRECTION('ref_axis',(0.,-0.707106781186549,0.707106781186546));
#1858=DIRECTION('',(1.,0.,0.));
#1859=DIRECTION('center_axis',(1.,4.5039473615625E-16,0.));
#1860=DIRECTION('ref_axis',(0.,-0.707106781186549,0.707106781186546));
#1861=DIRECTION('center_axis',(0.,0.,1.));
#1862=DIRECTION('ref_axis',(0.,-1.,0.));
#1863=DIRECTION('',(0.,-1.,0.));
#1864=DIRECTION('',(-1.,0.,0.));
#1865=DIRECTION('',(-4.5039473615625E-16,1.,0.));
#1866=DIRECTION('center_axis',(1.,0.,0.));
#1867=DIRECTION('ref_axis',(0.,0.707106781186548,0.707106781186548));
#1868=DIRECTION('center_axis',(-1.,0.,0.));
#1869=DIRECTION('ref_axis',(0.,0.707106781186548,0.707106781186548));
#1870=DIRECTION('',(1.,0.,0.));
#1871=DIRECTION('center_axis',(1.,4.5039473615625E-16,0.));
#1872=DIRECTION('ref_axis',(0.,0.707106781186548,0.707106781186548));
#1873=DIRECTION('center_axis',(0.,1.,0.));
#1874=DIRECTION('ref_axis',(0.,0.,1.));
#1875=DIRECTION('',(0.,0.,1.));
#1876=DIRECTION('',(-1.,0.,0.));
#1877=DIRECTION('',(0.,0.,-1.));
#1878=DIRECTION('center_axis',(1.,0.,0.));
#1879=DIRECTION('ref_axis',(0.,0.707106781186548,-0.707106781186548));
#1880=DIRECTION('center_axis',(-1.,0.,0.));
#1881=DIRECTION('ref_axis',(0.,0.707106781186548,-0.707106781186548));
#1882=DIRECTION('',(1.,0.,0.));
#1883=DIRECTION('center_axis',(1.,4.5039473615625E-16,0.));
#1884=DIRECTION('ref_axis',(0.,0.707106781186548,-0.707106781186548));
#1885=DIRECTION('center_axis',(0.,-2.3373116307898E-16,-1.));
#1886=DIRECTION('ref_axis',(0.,1.,-2.3373116307898E-16));
#1887=DIRECTION('',(4.5039473615625E-16,-1.,2.3373116307898E-16));
#1888=DIRECTION('',(0.,1.,-2.3373116307898E-16));
#1889=DIRECTION('center_axis',(1.,0.,0.));
#1890=DIRECTION('ref_axis',(0.,0.707106781186548,-0.707106781186548));
#1891=DIRECTION('center_axis',(-1.,0.,0.));
#1892=DIRECTION('ref_axis',(0.,0.707106781186548,-0.707106781186548));
#1893=DIRECTION('',(1.,0.,0.));
#1894=DIRECTION('center_axis',(1.,4.5039473615625E-16,0.));
#1895=DIRECTION('ref_axis',(0.,0.707106781186548,-0.707106781186548));
#1896=DIRECTION('',(-1.,0.,0.));
#1897=DIRECTION('center_axis',(0.,0.,-1.));
#1898=DIRECTION('ref_axis',(0.,1.,0.));
#1899=DIRECTION('',(0.,1.,0.));
#1900=DIRECTION('',(-1.,0.,0.));
#1901=DIRECTION('',(4.5039473615625E-16,-1.,0.));
#1902=DIRECTION('center_axis',(1.,0.,0.));
#1903=DIRECTION('ref_axis',(0.,-0.707106781186547,-0.707106781186548));
#1904=DIRECTION('center_axis',(-1.,0.,0.));
#1905=DIRECTION('ref_axis',(0.,-0.707106781186547,-0.707106781186548));
#1906=DIRECTION('',(1.,0.,0.));
#1907=DIRECTION('center_axis',(1.,4.5039473615625E-16,0.));
#1908=DIRECTION('ref_axis',(0.,-0.707106781186547,-0.707106781186548));
#1909=DIRECTION('center_axis',(0.,-1.,0.));
#1910=DIRECTION('ref_axis',(0.,0.,-1.));
#1911=DIRECTION('',(0.,0.,-1.));
#1912=DIRECTION('',(-1.,0.,0.));
#1913=DIRECTION('',(0.,0.,1.));
#1914=DIRECTION('center_axis',(1.,0.,0.));
#1915=DIRECTION('ref_axis',(0.,-0.707106781186547,0.707106781186548));
#1916=DIRECTION('center_axis',(-1.,0.,0.));
#1917=DIRECTION('ref_axis',(0.,-0.707106781186547,0.707106781186548));
#1918=DIRECTION('',(1.,0.,0.));
#1919=DIRECTION('center_axis',(1.,4.5039473615625E-16,0.));
#1920=DIRECTION('ref_axis',(0.,-0.707106781186547,0.707106781186548));
#1921=DIRECTION('center_axis',(0.,0.,1.));
#1922=DIRECTION('ref_axis',(0.,-1.,0.));
#1923=DIRECTION('',(0.,-1.,0.));
#1924=DIRECTION('',(-1.,0.,0.));
#1925=DIRECTION('',(-4.5039473615625E-16,1.,0.));
#1926=DIRECTION('center_axis',(1.,0.,0.));
#1927=DIRECTION('ref_axis',(0.,0.707106781186549,0.707106781186546));
#1928=DIRECTION('center_axis',(-1.,0.,0.));
#1929=DIRECTION('ref_axis',(0.,0.707106781186549,0.707106781186546));
#1930=DIRECTION('',(1.,0.,0.));
#1931=DIRECTION('center_axis',(1.,4.5039473615625E-16,0.));
#1932=DIRECTION('ref_axis',(0.,0.707106781186549,0.707106781186546));
#1933=DIRECTION('center_axis',(0.,1.,0.));
#1934=DIRECTION('ref_axis',(0.,0.,1.));
#1935=DIRECTION('',(0.,0.,-1.));
#1936=DIRECTION('',(0.,0.,1.));
#1937=DIRECTION('center_axis',(0.,-1.,0.));
#1938=DIRECTION('ref_axis',(0.707106781186547,0.,-0.707106781186548));
#1939=DIRECTION('',(0.,-1.,0.));
#1940=DIRECTION('center_axis',(6.59865096359677E-17,-1.,0.));
#1941=DIRECTION('ref_axis',(0.707106781186547,0.,-0.707106781186548));
#1942=DIRECTION('',(0.,1.,0.));
#1943=DIRECTION('center_axis',(0.,0.,-1.));
#1944=DIRECTION('ref_axis',(1.,0.,0.));
#1945=DIRECTION('',(0.,1.,0.));
#1946=DIRECTION('',(-1.,-6.59865096359677E-17,0.));
#1947=DIRECTION('center_axis',(0.,-1.,0.));
#1948=DIRECTION('ref_axis',(0.707106781186547,0.,0.707106781186548));
#1949=DIRECTION('',(0.,-1.,0.));
#1950=DIRECTION('center_axis',(6.59865096359677E-17,-1.,0.));
#1951=DIRECTION('ref_axis',(0.707106781186547,0.,0.707106781186548));
#1952=DIRECTION('',(0.,1.,0.));
#1953=DIRECTION('center_axis',(1.,0.,0.));
#1954=DIRECTION('ref_axis',(0.,0.,1.));
#1955=DIRECTION('',(0.,0.,-1.));
#1956=DIRECTION('center_axis',(0.,-1.,0.));
#1957=DIRECTION('ref_axis',(-0.707106781186547,0.,0.707106781186548));
#1958=DIRECTION('',(0.,-1.,0.));
#1959=DIRECTION('center_axis',(6.59865096359677E-17,-1.,0.));
#1960=DIRECTION('ref_axis',(-0.707106781186547,0.,0.707106781186548));
#1961=DIRECTION('',(0.,1.,0.));
#1962=DIRECTION('center_axis',(0.,0.,1.));
#1963=DIRECTION('ref_axis',(-1.,0.,0.));
#1964=DIRECTION('',(1.,6.59865096359677E-17,0.));
#1965=DIRECTION('center_axis',(0.,-1.,0.));
#1966=DIRECTION('ref_axis',(-0.707106781186547,0.,-0.707106781186548));
#1967=DIRECTION('',(0.,-1.,0.));
#1968=DIRECTION('center_axis',(6.59865096359677E-17,-1.,0.));
#1969=DIRECTION('ref_axis',(-0.707106781186547,0.,-0.707106781186548));
#1970=DIRECTION('center_axis',(-1.,0.,0.));
#1971=DIRECTION('ref_axis',(0.,0.,-1.));
#1972=DIRECTION('',(0.,0.,1.));
#1973=DIRECTION('center_axis',(0.,-1.,0.));
#1974=DIRECTION('ref_axis',(0.,0.,1.));
#1975=DIRECTION('',(-1.,0.,0.));
#1976=DIRECTION('',(0.,0.,1.));
#1977=DIRECTION('',(-1.,0.,0.));
#1978=DIRECTION('center_axis',(0.,0.,-1.));
#1979=DIRECTION('ref_axis',(0.,-1.,0.));
#1980=DIRECTION('',(0.,-1.,0.));
#1981=DIRECTION('',(-1.,0.,0.));
#1982=DIRECTION('center_axis',(0.,1.,0.));
#1983=DIRECTION('ref_axis',(0.,0.,-1.));
#1984=DIRECTION('',(0.,0.,-1.));
#1985=DIRECTION('',(-1.,0.,0.));
#1986=DIRECTION('center_axis',(0.,0.,1.));
#1987=DIRECTION('ref_axis',(0.,1.,0.));
#1988=DIRECTION('',(0.,1.,0.));
#1989=DIRECTION('center_axis',(0.,-1.,0.));
#1990=DIRECTION('ref_axis',(0.,0.,1.));
#1991=DIRECTION('',(-1.,0.,0.));
#1992=DIRECTION('',(0.,0.,1.));
#1993=DIRECTION('',(-1.,0.,0.));
#1994=DIRECTION('center_axis',(0.,0.,-1.));
#1995=DIRECTION('ref_axis',(0.,-1.,0.));
#1996=DIRECTION('',(0.,-1.,0.));
#1997=DIRECTION('',(-1.,0.,0.));
#1998=DIRECTION('center_axis',(0.,1.,0.));
#1999=DIRECTION('ref_axis',(0.,0.,-1.));
#2000=DIRECTION('',(0.,0.,-1.));
#2001=DIRECTION('',(-1.,0.,0.));
#2002=DIRECTION('center_axis',(0.,0.,1.));
#2003=DIRECTION('ref_axis',(0.,1.,0.));
#2004=DIRECTION('',(0.,1.,0.));
#2005=DIRECTION('center_axis',(6.59865096359677E-17,-1.,0.));
#2006=DIRECTION('ref_axis',(1.,6.59865096359677E-17,0.));
#2007=DIRECTION('',(1.,6.59865096359677E-17,0.));
#2008=DIRECTION('',(0.,0.,1.));
#2009=DIRECTION('',(1.,6.59865096359677E-17,0.));
#2010=DIRECTION('center_axis',(1.,4.5039473615625E-16,0.));
#2011=DIRECTION('ref_axis',(-4.5039473615625E-16,1.,0.));
#2012=DIRECTION('',(-4.5039473615625E-16,1.,0.));
#2013=DIRECTION('',(-4.5039473615625E-16,1.,0.));
#2014=DIRECTION('',(0.,0.,1.));
#2015=DIRECTION('center_axis',(0.,1.,0.));
#2016=DIRECTION('ref_axis',(-1.,0.,0.));
#2017=DIRECTION('',(-1.,0.,0.));
#2018=DIRECTION('',(-1.,0.,0.));
#2019=DIRECTION('center_axis',(-1.,0.,0.));
#2020=DIRECTION('ref_axis',(0.,-1.,0.));
#2021=DIRECTION('',(0.,-1.,0.));
#2022=DIRECTION('',(0.,-1.,0.));
#2023=DIRECTION('center_axis',(1.,0.,0.));
#2024=DIRECTION('ref_axis',(0.,1.,0.));
#2025=DIRECTION('',(0.,1.,0.));
#2026=DIRECTION('',(0.,1.,0.));
#2027=DIRECTION('center_axis',(0.,0.,1.));
#2028=DIRECTION('ref_axis',(1.,0.,0.));
#2029=DIRECTION('center_axis',(0.,0.,1.));
#2030=DIRECTION('ref_axis',(1.,0.,0.));
#2031=CARTESIAN_POINT('',(0.,0.,0.));
#2032=CARTESIAN_POINT('Origin',(0.834999999999984,-20.07,6.));
#2033=CARTESIAN_POINT('',(-1.01500000000002,-20.07,9.));
#2034=CARTESIAN_POINT('Origin',(0.834999999999984,-20.07,9.));
#2035=CARTESIAN_POINT('',(-1.01500000000002,-20.07,3.));
#2036=CARTESIAN_POINT('',(-1.01500000000002,-20.07,6.));
#2037=CARTESIAN_POINT('Origin',(0.834999999999984,-20.07,3.));
#2038=CARTESIAN_POINT('Origin',(0.834999999999984,-20.07,3.));
#2039=CARTESIAN_POINT('Origin',(29.047,19.31,6.));
#2040=CARTESIAN_POINT('',(27.197,19.31,9.));
#2041=CARTESIAN_POINT('Origin',(29.047,19.31,9.));
#2042=CARTESIAN_POINT('',(27.197,19.31,3.));
#2043=CARTESIAN_POINT('',(27.197,19.31,6.));
#2044=CARTESIAN_POINT('Origin',(29.047,19.31,3.));
#2045=CARTESIAN_POINT('Origin',(29.047,19.31,3.));
#2046=CARTESIAN_POINT('Origin',(-27.784,19.31,6.));
#2047=CARTESIAN_POINT('',(-29.634,19.31,9.));
#2048=CARTESIAN_POINT('Origin',(-27.784,19.31,9.));
#2049=CARTESIAN_POINT('',(-29.634,19.31,3.));
#2050=CARTESIAN_POINT('',(-29.634,19.31,6.));
#2051=CARTESIAN_POINT('Origin',(-27.784,19.31,3.));
#2052=CARTESIAN_POINT('Origin',(-27.784,19.31,3.));
#2053=CARTESIAN_POINT('Origin',(0.834999999999984,-20.07,2.));
#2054=CARTESIAN_POINT('',(4.33499999999998,-20.07,9.));
#2055=CARTESIAN_POINT('Origin',(0.834999999999984,-20.07,9.));
#2056=CARTESIAN_POINT('',(4.33499999999998,-20.07,2.));
#2057=CARTESIAN_POINT('',(4.33499999999998,-20.07,2.));
#2058=CARTESIAN_POINT('Origin',(0.834999999999984,-20.07,2.));
#2059=CARTESIAN_POINT('Origin',(0.834999999999984,-20.07,9.));
#2060=CARTESIAN_POINT('Origin',(29.047,19.31,2.));
#2061=CARTESIAN_POINT('',(32.547,19.31,9.));
#2062=CARTESIAN_POINT('Origin',(29.047,19.31,9.));
#2063=CARTESIAN_POINT('',(32.547,19.31,2.));
#2064=CARTESIAN_POINT('',(32.547,19.31,2.));
#2065=CARTESIAN_POINT('Origin',(29.047,19.31,2.));
#2066=CARTESIAN_POINT('Origin',(29.047,19.31,9.));
#2067=CARTESIAN_POINT('Origin',(-27.784,19.31,2.));
#2068=CARTESIAN_POINT('',(-24.284,19.31,9.));
#2069=CARTESIAN_POINT('Origin',(-27.784,19.31,9.));
#2070=CARTESIAN_POINT('',(-24.284,19.31,2.));
#2071=CARTESIAN_POINT('',(-24.284,19.31,2.));
#2072=CARTESIAN_POINT('Origin',(-27.784,19.31,2.));
#2073=CARTESIAN_POINT('Origin',(-27.784,19.31,9.));
#2074=CARTESIAN_POINT('Origin',(-33.65,-24.65,0.));
#2075=CARTESIAN_POINT('',(-33.65,-24.65,0.));
#2076=CARTESIAN_POINT('',(33.65,-24.65,0.));
#2077=CARTESIAN_POINT('',(-33.65,-24.65,0.));
#2078=CARTESIAN_POINT('',(33.65,-24.65,2.));
#2079=CARTESIAN_POINT('',(33.65,-24.65,0.));
#2080=CARTESIAN_POINT('',(-33.65,-24.65,2.));
#2081=CARTESIAN_POINT('',(-33.65,-24.65,2.));
#2082=CARTESIAN_POINT('',(-33.65,-24.65,0.));
#2083=CARTESIAN_POINT('Origin',(-33.65,24.65,0.));
#2084=CARTESIAN_POINT('',(-33.65,24.65,0.));
#2085=CARTESIAN_POINT('',(-33.65,24.65,0.));
#2086=CARTESIAN_POINT('',(-33.65,24.65,2.));
#2087=CARTESIAN_POINT('',(-33.65,24.65,2.));
#2088=CARTESIAN_POINT('',(-33.65,24.65,0.));
#2089=CARTESIAN_POINT('Origin',(33.65,24.65,0.));
#2090=CARTESIAN_POINT('',(33.65,24.65,0.));
#2091=CARTESIAN_POINT('',(33.65,24.65,0.));
#2092=CARTESIAN_POINT('',(33.65,24.65,2.));
#2093=CARTESIAN_POINT('',(33.65,24.65,2.));
#2094=CARTESIAN_POINT('',(33.65,24.65,0.));
#2095=CARTESIAN_POINT('Origin',(33.65,-24.65,0.));
#2096=CARTESIAN_POINT('',(33.65,-24.65,0.));
#2097=CARTESIAN_POINT('',(33.65,-24.65,2.));
#2098=CARTESIAN_POINT('Origin',(-4.44089209850063E-15,4.44089209850063E-15,
2.));
#2099=CARTESIAN_POINT('Origin',(-4.44089209850063E-15,4.44089209850063E-15,
0.));
#2100=CARTESIAN_POINT('Origin',(32.1500000000001,-28.1500000000001,20.));
#2101=CARTESIAN_POINT('',(33.7500000000001,-28.1500000000001,20.));
#2102=CARTESIAN_POINT('Origin',(32.1500000000001,-28.1500000000001,20.));
#2103=CARTESIAN_POINT('',(33.7500000000001,-28.1500000000001,16.9));
#2104=CARTESIAN_POINT('',(33.7500000000001,-28.1500000000001,20.));
#2105=CARTESIAN_POINT('Origin',(32.1500000000001,-28.1500000000001,16.9));
#2106=CARTESIAN_POINT('Origin',(32.1500000000001,-28.1500000000001,16.9));
#2107=CARTESIAN_POINT('Origin',(32.1500000000001,28.1499999999999,20.));
#2108=CARTESIAN_POINT('',(33.7500000000001,28.1499999999999,20.));
#2109=CARTESIAN_POINT('Origin',(32.1500000000001,28.1499999999999,20.));
#2110=CARTESIAN_POINT('',(33.7500000000001,28.1499999999999,16.9));
#2111=CARTESIAN_POINT('',(33.7500000000001,28.1499999999999,20.));
#2112=CARTESIAN_POINT('Origin',(32.1500000000001,28.1499999999999,16.9));
#2113=CARTESIAN_POINT('Origin',(32.1500000000001,28.1499999999999,16.9));
#2114=CARTESIAN_POINT('Origin',(-32.1499999999999,-28.1500000000001,20.));
#2115=CARTESIAN_POINT('',(-30.5499999999999,-28.1500000000001,20.));
#2116=CARTESIAN_POINT('Origin',(-32.1499999999999,-28.1500000000001,20.));
#2117=CARTESIAN_POINT('',(-30.5499999999999,-28.1500000000001,16.9));
#2118=CARTESIAN_POINT('',(-30.5499999999999,-28.1500000000001,20.));
#2119=CARTESIAN_POINT('Origin',(-32.1499999999999,-28.1500000000001,16.9));
#2120=CARTESIAN_POINT('Origin',(-32.1499999999999,-28.1500000000001,16.9));
#2121=CARTESIAN_POINT('Origin',(-32.1499999999999,28.1499999999999,20.));
#2122=CARTESIAN_POINT('',(-30.5499999999999,28.1499999999999,20.));
#2123=CARTESIAN_POINT('Origin',(-32.1499999999999,28.1499999999999,20.));
#2124=CARTESIAN_POINT('',(-30.5499999999999,28.1499999999999,16.9));
#2125=CARTESIAN_POINT('',(-30.5499999999999,28.1499999999999,20.));
#2126=CARTESIAN_POINT('Origin',(-32.1499999999999,28.1499999999999,16.9));
#2127=CARTESIAN_POINT('Origin',(-32.1499999999999,28.1499999999999,16.9));
#2128=CARTESIAN_POINT('Origin',(-29.6499999999999,-25.6500000000001,20.));
#2129=CARTESIAN_POINT('',(-29.6499999999999,-25.6500000000001,20.));
#2130=CARTESIAN_POINT('',(-29.6499999999999,-30.6500000000001,20.));
#2131=CARTESIAN_POINT('',(-29.6499999999999,-25.6500000000001,20.));
#2132=CARTESIAN_POINT('',(-29.6499999999999,-30.6500000000001,15.));
#2133=CARTESIAN_POINT('',(-29.6499999999999,-30.6500000000001,20.));
#2134=CARTESIAN_POINT('',(-29.6499999999999,-25.6500000000001,15.));
#2135=CARTESIAN_POINT('',(-29.6499999999999,-25.6500000000001,15.));
#2136=CARTESIAN_POINT('',(-29.6499999999999,-25.6500000000001,10.));
#2137=CARTESIAN_POINT('Origin',(-29.6499999999999,-30.6500000000001,20.));
#2138=CARTESIAN_POINT('',(-34.6499999999999,-30.6500000000001,20.));
#2139=CARTESIAN_POINT('',(-29.6499999999999,-30.6500000000001,20.));
#2140=CARTESIAN_POINT('',(-34.6499999999999,-30.6500000000001,15.));
#2141=CARTESIAN_POINT('',(-34.6499999999999,-30.6500000000001,20.));
#2142=CARTESIAN_POINT('',(-29.6499999999999,-30.6500000000001,15.));
#2143=CARTESIAN_POINT('Origin',(-32.1499999999999,-28.1500000000001,15.));
#2144=CARTESIAN_POINT('',(-34.6499999999999,-25.6500000000001,15.));
#2145=CARTESIAN_POINT('',(-34.6499999999999,-30.6500000000001,15.));
#2146=CARTESIAN_POINT('',(-33.3999999999999,-25.6500000000001,15.));
#2147=CARTESIAN_POINT('Origin',(-34.6499999999999,-25.6500000000001,0.));
#2148=CARTESIAN_POINT('',(-34.6499999999999,-25.6500000000001,0.));
#2149=CARTESIAN_POINT('',(-34.6499999999999,-25.6500000000001,0.));
#2150=CARTESIAN_POINT('',(34.6500000000001,-25.6500000000001,0.));
#2151=CARTESIAN_POINT('',(-34.6499999999999,-25.6500000000001,0.));
#2152=CARTESIAN_POINT('',(34.6500000000001,-25.6500000000001,15.));
#2153=CARTESIAN_POINT('',(34.6500000000001,-25.6500000000001,0.));
#2154=CARTESIAN_POINT('',(29.6500000000001,-25.6500000000001,15.));
#2155=CARTESIAN_POINT('',(-1.24999999999986,-25.6500000000001,15.));
#2156=CARTESIAN_POINT('',(29.6500000000001,-25.6500000000001,20.));
#2157=CARTESIAN_POINT('',(29.6500000000001,-25.6500000000001,10.));
#2158=CARTESIAN_POINT('',(-34.6499999999999,-25.6500000000001,20.));
#2159=CARTESIAN_POINT('Origin',(29.6500000000001,-30.6500000000001,20.));
#2160=CARTESIAN_POINT('',(29.6500000000001,-30.6500000000001,20.));
#2161=CARTESIAN_POINT('',(29.6500000000001,-25.6500000000001,20.));
#2162=CARTESIAN_POINT('',(29.6500000000001,-30.6500000000001,15.));
#2163=CARTESIAN_POINT('',(29.6500000000001,-25.6500000000001,15.));
#2164=CARTESIAN_POINT('',(29.6500000000001,-30.6500000000001,20.));
#2165=CARTESIAN_POINT('Origin',(34.6500000000001,-30.6500000000001,20.));
#2166=CARTESIAN_POINT('',(34.6500000000001,-30.6500000000001,20.));
#2167=CARTESIAN_POINT('',(29.6500000000001,-30.6500000000001,20.));
#2168=CARTESIAN_POINT('',(34.6500000000001,-30.6500000000001,15.));
#2169=CARTESIAN_POINT('',(29.6500000000001,-30.6500000000001,15.));
#2170=CARTESIAN_POINT('',(34.6500000000001,-30.6500000000001,20.));
#2171=CARTESIAN_POINT('Origin',(32.1500000000001,-28.1500000000001,15.));
#2172=CARTESIAN_POINT('',(34.6500000000001,-30.6500000000001,15.));
#2173=CARTESIAN_POINT('Origin',(-29.6499999999999,30.6499999999999,20.));
#2174=CARTESIAN_POINT('',(-29.6499999999999,25.6499999999999,20.));
#2175=CARTESIAN_POINT('',(-29.6499999999999,30.6499999999999,20.));
#2176=CARTESIAN_POINT('',(-29.6499999999999,25.6499999999999,20.));
#2177=CARTESIAN_POINT('',(-29.6499999999999,25.6499999999999,15.));
#2178=CARTESIAN_POINT('',(-29.6499999999999,25.6499999999999,10.));
#2179=CARTESIAN_POINT('',(-29.6499999999999,30.6499999999999,15.));
#2180=CARTESIAN_POINT('',(-29.6499999999999,25.6499999999999,15.));
#2181=CARTESIAN_POINT('',(-29.6499999999999,30.6499999999999,20.));
#2182=CARTESIAN_POINT('Origin',(-34.6499999999999,30.6499999999999,20.));
#2183=CARTESIAN_POINT('',(-34.6499999999999,30.6499999999999,20.));
#2184=CARTESIAN_POINT('',(-29.6499999999999,30.6499999999999,20.));
#2185=CARTESIAN_POINT('',(-34.6499999999999,30.6499999999999,15.));
#2186=CARTESIAN_POINT('',(-29.6499999999999,30.6499999999999,15.));
#2187=CARTESIAN_POINT('',(-34.6499999999999,30.6499999999999,20.));
#2188=CARTESIAN_POINT('Origin',(-32.1499999999999,28.1499999999999,15.));
#2189=CARTESIAN_POINT('',(-34.6499999999999,25.6499999999999,15.));
#2190=CARTESIAN_POINT('',(-34.6499999999999,30.6499999999999,15.));
#2191=CARTESIAN_POINT('',(1.25000000000014,25.6499999999999,15.));
#2192=CARTESIAN_POINT('Origin',(29.6500000000001,25.6499999999999,20.));
#2193=CARTESIAN_POINT('',(29.6500000000001,25.6499999999999,20.));
#2194=CARTESIAN_POINT('',(29.6500000000001,30.6499999999999,20.));
#2195=CARTESIAN_POINT('',(29.6500000000001,25.6499999999999,20.));
#2196=CARTESIAN_POINT('',(29.6500000000001,30.6499999999999,15.));
#2197=CARTESIAN_POINT('',(29.6500000000001,30.6499999999999,20.));
#2198=CARTESIAN_POINT('',(29.6500000000001,25.6499999999999,15.));
#2199=CARTESIAN_POINT('',(29.6500000000001,25.6499999999999,15.));
#2200=CARTESIAN_POINT('',(29.6500000000001,25.6499999999999,10.));
#2201=CARTESIAN_POINT('Origin',(29.6500000000001,30.6499999999999,20.));
#2202=CARTESIAN_POINT('',(34.6500000000001,30.6499999999999,20.));
#2203=CARTESIAN_POINT('',(29.6500000000001,30.6499999999999,20.));
#2204=CARTESIAN_POINT('',(34.6500000000001,30.6499999999999,15.));
#2205=CARTESIAN_POINT('',(34.6500000000001,30.6499999999999,20.));
#2206=CARTESIAN_POINT('',(29.6500000000001,30.6499999999999,15.));
#2207=CARTESIAN_POINT('Origin',(32.1500000000001,28.1499999999999,15.));
#2208=CARTESIAN_POINT('',(34.6500000000001,25.6499999999999,15.));
#2209=CARTESIAN_POINT('',(34.6500000000001,30.6499999999999,15.));
#2210=CARTESIAN_POINT('',(33.4000000000001,25.6499999999999,15.));
#2211=CARTESIAN_POINT('Origin',(34.6500000000001,25.6499999999999,0.));
#2212=CARTESIAN_POINT('',(34.6500000000001,25.6499999999999,20.));
#2213=CARTESIAN_POINT('',(34.6500000000001,25.6499999999999,0.));
#2214=CARTESIAN_POINT('',(34.6500000000001,25.6499999999999,0.));
#2215=CARTESIAN_POINT('',(-34.6499999999999,25.6499999999999,0.));
#2216=CARTESIAN_POINT('',(34.6500000000001,25.6499999999999,0.));
#2217=CARTESIAN_POINT('',(-34.6499999999999,25.6499999999999,0.));
#2218=CARTESIAN_POINT('',(-4.14999999999987,25.6499999999999,13.578));
#2219=CARTESIAN_POINT('',(-4.14999999999987,25.6499999999999,11.778));
#2220=CARTESIAN_POINT('',(-4.14999999999987,25.6499999999999,7.289));
#2221=CARTESIAN_POINT('',(-3.14999999999987,25.6499999999999,10.778));
#2222=CARTESIAN_POINT('Origin',(-3.14999999999987,25.6499999999999,11.778));
#2223=CARTESIAN_POINT('',(4.15000000000014,25.6499999999999,10.778));
#2224=CARTESIAN_POINT('',(15.2500000000001,25.6499999999999,10.778));
#2225=CARTESIAN_POINT('',(5.15000000000013,25.6499999999999,11.778));
#2226=CARTESIAN_POINT('Origin',(4.15000000000013,25.6499999999999,11.778));
#2227=CARTESIAN_POINT('',(5.15000000000013,25.6499999999999,13.578));
#2228=CARTESIAN_POINT('',(5.15000000000013,25.6499999999999,5.389));
#2229=CARTESIAN_POINT('',(4.15000000000013,25.6499999999999,14.578));
#2230=CARTESIAN_POINT('Origin',(4.15000000000013,25.6499999999999,13.578));
#2231=CARTESIAN_POINT('',(-3.14999999999987,25.6499999999999,14.578));
#2232=CARTESIAN_POINT('',(19.9000000000001,25.6499999999999,14.578));
#2233=CARTESIAN_POINT('Origin',(-3.14999999999987,25.6499999999999,13.578));
#2234=CARTESIAN_POINT('Origin',(32.65,23.65,0.));
#2235=CARTESIAN_POINT('',(32.65,24.65,0.));
#2236=CARTESIAN_POINT('',(33.65,23.65,0.));
#2237=CARTESIAN_POINT('Origin',(32.65,23.65,0.));
#2238=CARTESIAN_POINT('',(33.65,23.65,20.));
#2239=CARTESIAN_POINT('',(33.65,23.65,0.));
#2240=CARTESIAN_POINT('',(32.65,24.65,20.));
#2241=CARTESIAN_POINT('Origin',(32.65,23.65,20.));
#2242=CARTESIAN_POINT('',(32.65,24.65,0.));
#2243=CARTESIAN_POINT('Origin',(33.65,24.65,0.));
#2244=CARTESIAN_POINT('',(33.65,-24.65,0.));
#2245=CARTESIAN_POINT('',(33.65,-24.65,0.));
#2246=CARTESIAN_POINT('',(33.65,-24.65,20.));
#2247=CARTESIAN_POINT('',(33.65,-24.65,0.));
#2248=CARTESIAN_POINT('',(33.65,-24.65,20.));
#2249=CARTESIAN_POINT('',(33.65,15.8499999999999,11.464));
#2250=CARTESIAN_POINT('',(33.65,15.8499999999999,18.064));
#2251=CARTESIAN_POINT('',(33.65,15.8499999999999,9.032));
#2252=CARTESIAN_POINT('',(33.65,1.64999999999992,18.064));
#2253=CARTESIAN_POINT('',(33.65,13.15,18.064));
#2254=CARTESIAN_POINT('',(33.65,1.64999999999992,11.464));
#2255=CARTESIAN_POINT('',(33.65,1.64999999999992,5.732));
#2256=CARTESIAN_POINT('',(33.65,20.25,11.464));
#2257=CARTESIAN_POINT('',(33.65,-8.65000000000008,11.464));
#2258=CARTESIAN_POINT('',(33.65,-8.65000000000008,18.064));
#2259=CARTESIAN_POINT('',(33.65,-8.65000000000008,9.032));
#2260=CARTESIAN_POINT('',(33.65,-22.6500000000001,18.064));
#2261=CARTESIAN_POINT('',(33.65,0.999999999999965,18.064));
#2262=CARTESIAN_POINT('',(33.65,-22.6500000000001,11.464));
#2263=CARTESIAN_POINT('',(33.65,-22.6500000000001,5.732));
#2264=CARTESIAN_POINT('',(33.65,7.99999999999996,11.464));
#2265=CARTESIAN_POINT('Origin',(-34.6499999999999,-20.9100000000001,11.5));
#2266=CARTESIAN_POINT('',(-34.6499999999999,-20.9100000000001,10.5));
#2267=CARTESIAN_POINT('',(-34.6499999999999,-21.9100000000001,11.5));
#2268=CARTESIAN_POINT('Origin',(-34.6499999999999,-20.9100000000001,11.5));
#2269=CARTESIAN_POINT('',(-33.65,-21.9100000000001,11.5));
#2270=CARTESIAN_POINT('',(-34.6499999999999,-21.9100000000001,11.5));
#2271=CARTESIAN_POINT('',(-33.65,-20.9100000000001,10.5));
#2272=CARTESIAN_POINT('Origin',(-33.65,-20.9100000000001,11.5));
#2273=CARTESIAN_POINT('',(-34.6499999999999,-20.9100000000001,10.5));
#2274=CARTESIAN_POINT('Origin',(-34.6499999999999,-21.9100000000001,14.3));
#2275=CARTESIAN_POINT('',(-34.6499999999999,-21.9100000000001,13.3));
#2276=CARTESIAN_POINT('',(-34.6499999999999,-21.9100000000001,7.15));
#2277=CARTESIAN_POINT('',(-33.65,-21.9100000000001,13.3));
#2278=CARTESIAN_POINT('',(-34.6499999999999,-21.9100000000001,13.3));
#2279=CARTESIAN_POINT('',(-33.65,-21.9100000000001,7.15));
#2280=CARTESIAN_POINT('Origin',(-34.6499999999999,-20.9100000000001,13.3));
#2281=CARTESIAN_POINT('',(-34.6499999999999,-20.9100000000001,14.3));
#2282=CARTESIAN_POINT('Origin',(-34.6499999999999,-20.9100000000001,13.3));
#2283=CARTESIAN_POINT('',(-33.65,-20.9100000000001,14.3));
#2284=CARTESIAN_POINT('',(-34.6499999999999,-20.9100000000001,14.3));
#2285=CARTESIAN_POINT('Origin',(-33.65,-20.9100000000001,13.3));
#2286=CARTESIAN_POINT('Origin',(-34.6499999999999,-12.4100000000001,14.3));
#2287=CARTESIAN_POINT('',(-34.6499999999999,-13.4100000000001,14.3));
#2288=CARTESIAN_POINT('',(-34.6499999999999,6.61999999999992,14.3));
#2289=CARTESIAN_POINT('',(-33.65,-13.4100000000001,14.3));
#2290=CARTESIAN_POINT('',(-34.6499999999999,-13.4100000000001,14.3));
#2291=CARTESIAN_POINT('',(-33.65,-18.53,14.3));
#2292=CARTESIAN_POINT('Origin',(-34.6499999999999,-13.4100000000001,13.3));
#2293=CARTESIAN_POINT('',(-34.6499999999999,-12.4100000000001,13.3));
#2294=CARTESIAN_POINT('Origin',(-34.6499999999999,-13.4100000000001,13.3));
#2295=CARTESIAN_POINT('',(-33.65,-12.4100000000001,13.3));
#2296=CARTESIAN_POINT('',(-34.6499999999999,-12.4100000000001,13.3));
#2297=CARTESIAN_POINT('Origin',(-33.65,-13.4100000000001,13.3));
#2298=CARTESIAN_POINT('Origin',(-34.6499999999999,-12.4100000000001,10.5));
#2299=CARTESIAN_POINT('',(-34.6499999999999,-12.4100000000001,11.5));
#2300=CARTESIAN_POINT('',(-34.6499999999999,-12.4100000000001,5.25));
#2301=CARTESIAN_POINT('',(-33.65,-12.4100000000001,11.5));
#2302=CARTESIAN_POINT('',(-34.6499999999999,-12.4100000000001,11.5));
#2303=CARTESIAN_POINT('',(-33.65,-12.4100000000001,5.25));
#2304=CARTESIAN_POINT('Origin',(-34.6499999999999,-13.4100000000001,11.5));
#2305=CARTESIAN_POINT('',(-34.6499999999999,-13.4100000000001,10.5));
#2306=CARTESIAN_POINT('Origin',(-34.6499999999999,-13.4100000000001,11.5));
#2307=CARTESIAN_POINT('',(-33.65,-13.4100000000001,10.5));
#2308=CARTESIAN_POINT('',(-34.6499999999999,-13.4100000000001,10.5));
#2309=CARTESIAN_POINT('Origin',(-33.65,-13.4100000000001,11.5));
#2310=CARTESIAN_POINT('Origin',(-34.6499999999999,-21.9100000000001,10.5));
#2311=CARTESIAN_POINT('',(-33.65,-23.28,10.5));
#2312=CARTESIAN_POINT('',(-34.6499999999999,1.86999999999992,10.5));
#2313=CARTESIAN_POINT('Origin',(-34.6499999999999,12.4499999999999,11.5));
#2314=CARTESIAN_POINT('',(-34.6499999999999,13.4499999999999,11.5));
#2315=CARTESIAN_POINT('',(-34.6499999999999,12.4499999999999,10.5));
#2316=CARTESIAN_POINT('Origin',(-34.6499999999999,12.4499999999999,11.5));
#2317=CARTESIAN_POINT('',(-33.65,12.4499999999999,10.5));
#2318=CARTESIAN_POINT('',(-34.6499999999999,12.4499999999999,10.5));
#2319=CARTESIAN_POINT('',(-33.65,13.4499999999999,11.5));
#2320=CARTESIAN_POINT('Origin',(-33.65,12.4499999999999,11.5));
#2321=CARTESIAN_POINT('',(-34.6499999999999,13.4499999999999,11.5));
#2322=CARTESIAN_POINT('Origin',(-34.6499999999999,3.94999999999992,10.5));
#2323=CARTESIAN_POINT('',(-34.6499999999999,4.94999999999992,10.5));
#2324=CARTESIAN_POINT('',(-34.6499999999999,14.7999999999999,10.5));
#2325=CARTESIAN_POINT('',(-33.65,4.94999999999992,10.5));
#2326=CARTESIAN_POINT('',(-34.6499999999999,4.94999999999992,10.5));
#2327=CARTESIAN_POINT('',(-33.65,-10.35,10.5));
#2328=CARTESIAN_POINT('Origin',(-34.6499999999999,4.94999999999992,11.5));
#2329=CARTESIAN_POINT('',(-34.6499999999999,3.94999999999992,11.5));
#2330=CARTESIAN_POINT('Origin',(-34.6499999999999,4.94999999999992,11.5));
#2331=CARTESIAN_POINT('',(-33.65,3.94999999999992,11.5));
#2332=CARTESIAN_POINT('',(-34.6499999999999,3.94999999999992,11.5));
#2333=CARTESIAN_POINT('Origin',(-33.65,4.94999999999992,11.5));
#2334=CARTESIAN_POINT('Origin',(-34.6499999999999,3.94999999999992,14.3));
#2335=CARTESIAN_POINT('',(-34.6499999999999,3.94999999999992,13.3));
#2336=CARTESIAN_POINT('',(-34.6499999999999,3.94999999999992,7.15));
#2337=CARTESIAN_POINT('',(-33.65,3.94999999999992,13.3));
#2338=CARTESIAN_POINT('',(-34.6499999999999,3.94999999999992,13.3));
#2339=CARTESIAN_POINT('',(-33.65,3.94999999999992,7.15));
#2340=CARTESIAN_POINT('Origin',(-34.6499999999999,4.94999999999992,13.3));
#2341=CARTESIAN_POINT('',(-34.6499999999999,4.94999999999992,14.3));
#2342=CARTESIAN_POINT('Origin',(-34.6499999999999,4.94999999999992,13.3));
#2343=CARTESIAN_POINT('',(-33.65,4.94999999999992,14.3));
#2344=CARTESIAN_POINT('',(-34.6499999999999,4.94999999999992,14.3));
#2345=CARTESIAN_POINT('Origin',(-33.65,4.94999999999992,13.3));
#2346=CARTESIAN_POINT('Origin',(-34.6499999999999,13.4499999999999,14.3));
#2347=CARTESIAN_POINT('',(-34.6499999999999,12.4499999999999,14.3));
#2348=CARTESIAN_POINT('',(-34.6499999999999,19.5499999999999,14.3));
#2349=CARTESIAN_POINT('',(-33.65,12.4499999999999,14.3));
#2350=CARTESIAN_POINT('',(-34.6499999999999,12.4499999999999,14.3));
#2351=CARTESIAN_POINT('',(-33.65,-5.60000000000004,14.3));
#2352=CARTESIAN_POINT('Origin',(-34.6499999999999,12.4499999999999,13.3));
#2353=CARTESIAN_POINT('',(-34.6499999999999,13.4499999999999,13.3));
#2354=CARTESIAN_POINT('Origin',(-34.6499999999999,12.4499999999999,13.3));
#2355=CARTESIAN_POINT('',(-33.65,13.4499999999999,13.3));
#2356=CARTESIAN_POINT('',(-34.6499999999999,13.4499999999999,13.3));
#2357=CARTESIAN_POINT('Origin',(-33.65,12.4499999999999,13.3));
#2358=CARTESIAN_POINT('Origin',(-34.6499999999999,13.4499999999999,10.5));
#2359=CARTESIAN_POINT('',(-33.65,13.4499999999999,5.25));
#2360=CARTESIAN_POINT('',(-34.6499999999999,13.4499999999999,5.25));
#2361=CARTESIAN_POINT('Origin',(4.15000000000013,25.6499999999999,11.778));
#2362=CARTESIAN_POINT('',(4.15000000000014,24.65,10.778));
#2363=CARTESIAN_POINT('',(4.15000000000013,25.6499999999999,10.778));
#2364=CARTESIAN_POINT('',(5.15000000000013,24.65,11.778));
#2365=CARTESIAN_POINT('Origin',(4.15000000000013,24.65,11.778));
#2366=CARTESIAN_POINT('',(5.15000000000013,25.6499999999999,11.778));
#2367=CARTESIAN_POINT('Origin',(-4.14999999999987,25.6499999999999,10.778));
#2368=CARTESIAN_POINT('',(-3.14999999999987,24.65,10.778));
#2369=CARTESIAN_POINT('',(-3.14999999999987,25.6499999999999,10.778));
#2370=CARTESIAN_POINT('',(-18.8999999999999,24.65,10.778));
#2371=CARTESIAN_POINT('Origin',(4.15000000000013,25.6499999999999,13.578));
#2372=CARTESIAN_POINT('',(5.15000000000013,24.65,13.578));
#2373=CARTESIAN_POINT('',(5.15000000000013,25.6499999999999,13.578));
#2374=CARTESIAN_POINT('',(4.15000000000013,24.65,14.578));
#2375=CARTESIAN_POINT('Origin',(4.15000000000013,24.65,13.578));
#2376=CARTESIAN_POINT('',(4.15000000000013,25.6499999999999,14.578));
#2377=CARTESIAN_POINT('Origin',(5.15000000000013,25.6499999999999,10.778));
#2378=CARTESIAN_POINT('',(5.15000000000013,24.65,5.389));
#2379=CARTESIAN_POINT('Origin',(-3.14999999999987,25.6499999999999,13.578));
#2380=CARTESIAN_POINT('',(-3.14999999999987,24.65,14.578));
#2381=CARTESIAN_POINT('',(-3.14999999999987,25.6499999999999,14.578));
#2382=CARTESIAN_POINT('',(-4.14999999999987,24.65,13.578));
#2383=CARTESIAN_POINT('Origin',(-3.14999999999987,24.65,13.578));
#2384=CARTESIAN_POINT('',(-4.14999999999987,25.6499999999999,13.578));
#2385=CARTESIAN_POINT('Origin',(5.15000000000013,25.6499999999999,14.578));
#2386=CARTESIAN_POINT('',(-14.2499999999999,24.65,14.578));
#2387=CARTESIAN_POINT('Origin',(-3.14999999999987,25.6499999999999,11.778));
#2388=CARTESIAN_POINT('',(-4.14999999999987,24.65,11.778));
#2389=CARTESIAN_POINT('',(-4.14999999999987,25.6499999999999,11.778));
#2390=CARTESIAN_POINT('Origin',(-3.14999999999987,24.65,11.778));
#2391=CARTESIAN_POINT('Origin',(-4.14999999999987,25.6499999999999,14.578));
#2392=CARTESIAN_POINT('',(-4.14999999999987,24.65,7.289));
#2393=CARTESIAN_POINT('Origin',(34.6500000000001,-22.6500000000001,11.464));
#2394=CARTESIAN_POINT('',(34.6500000000001,-22.6500000000001,18.064));
#2395=CARTESIAN_POINT('',(34.6500000000001,-22.6500000000001,18.064));
#2396=CARTESIAN_POINT('',(34.6500000000001,-22.6500000000001,11.464));
#2397=CARTESIAN_POINT('',(34.6500000000001,-22.6500000000001,5.732));
#2398=CARTESIAN_POINT('',(34.6500000000001,-22.6500000000001,11.464));
#2399=CARTESIAN_POINT('Origin',(34.6500000000001,-8.65000000000008,11.464));
#2400=CARTESIAN_POINT('',(34.6500000000001,-8.65000000000008,11.464));
#2401=CARTESIAN_POINT('',(34.6500000000001,-17.1500000000001,11.464));
#2402=CARTESIAN_POINT('',(34.6500000000001,-8.65000000000008,11.464));
#2403=CARTESIAN_POINT('Origin',(34.6500000000001,-8.65000000000008,18.064));
#2404=CARTESIAN_POINT('',(34.6500000000001,-8.65000000000008,18.064));
#2405=CARTESIAN_POINT('',(34.6500000000001,-8.65000000000008,9.032));
#2406=CARTESIAN_POINT('',(34.6500000000001,-8.65000000000008,18.064));
#2407=CARTESIAN_POINT('Origin',(34.6500000000001,-22.6500000000001,18.064));
#2408=CARTESIAN_POINT('',(34.6500000000001,-24.1500000000001,18.064));
#2409=CARTESIAN_POINT('Origin',(34.6500000000001,1.64999999999992,11.464));
#2410=CARTESIAN_POINT('',(34.6500000000001,1.64999999999992,18.064));
#2411=CARTESIAN_POINT('',(34.6500000000001,1.64999999999992,18.064));
#2412=CARTESIAN_POINT('',(34.6500000000001,1.64999999999992,11.464));
#2413=CARTESIAN_POINT('',(34.6500000000001,1.64999999999992,5.732));
#2414=CARTESIAN_POINT('',(34.6500000000001,1.64999999999992,11.464));
#2415=CARTESIAN_POINT('Origin',(34.6500000000001,15.8499999999999,11.464));
#2416=CARTESIAN_POINT('',(34.6500000000001,15.8499999999999,11.464));
#2417=CARTESIAN_POINT('',(34.6500000000001,-4.90000000000008,11.464));
#2418=CARTESIAN_POINT('',(34.6500000000001,15.8499999999999,11.464));
#2419=CARTESIAN_POINT('Origin',(34.6500000000001,15.8499999999999,18.064));
#2420=CARTESIAN_POINT('',(34.6500000000001,15.8499999999999,18.064));
#2421=CARTESIAN_POINT('',(34.6500000000001,15.8499999999999,9.032));
#2422=CARTESIAN_POINT('',(34.6500000000001,15.8499999999999,18.064));
#2423=CARTESIAN_POINT('Origin',(34.6500000000001,1.64999999999992,18.064));
#2424=CARTESIAN_POINT('',(34.6500000000001,-12.0000000000001,18.064));
#2425=CARTESIAN_POINT('Origin',(-33.65,24.65,0.));
#2426=CARTESIAN_POINT('',(-33.65,24.65,20.));
#2427=CARTESIAN_POINT('',(33.65,24.65,20.));
#2428=CARTESIAN_POINT('',(-33.65,24.65,0.));
#2429=CARTESIAN_POINT('',(-33.65,24.65,0.));
#2430=CARTESIAN_POINT('',(33.65,24.65,0.));
#2431=CARTESIAN_POINT('Origin',(-33.65,-24.65,0.));
#2432=CARTESIAN_POINT('',(-33.65,-24.65,0.));
#2433=CARTESIAN_POINT('',(-33.65,24.65,0.));
#2434=CARTESIAN_POINT('',(-33.65,-24.65,20.));
#2435=CARTESIAN_POINT('',(-33.65,24.65,20.));
#2436=CARTESIAN_POINT('',(-33.65,-24.65,0.));
#2437=CARTESIAN_POINT('Origin',(33.65,-24.65,0.));
#2438=CARTESIAN_POINT('',(-33.65,-24.65,0.));
#2439=CARTESIAN_POINT('',(-33.65,-24.65,20.));
#2440=CARTESIAN_POINT('Origin',(-34.6499999999999,25.6499999999999,0.));
#2441=CARTESIAN_POINT('',(-34.6499999999999,25.6499999999999,0.));
#2442=CARTESIAN_POINT('',(-34.6499999999999,30.6499999999999,20.));
#2443=CARTESIAN_POINT('Origin',(34.6500000000001,-25.6500000000001,0.));
#2444=CARTESIAN_POINT('',(34.6500000000001,-25.6500000000001,0.));
#2445=CARTESIAN_POINT('',(34.6500000000001,-30.6500000000001,20.));
#2446=CARTESIAN_POINT('Origin',(1.37667655053519E-13,-8.43769498715119E-14,
20.));
#2447=CARTESIAN_POINT('Origin',(1.37667655053519E-13,-8.43769498715119E-14,
0.));
#2448=UNCERTAINTY_MEASURE_WITH_UNIT(LENGTH_MEASURE(0.01),#2452,
'DISTANCE_ACCURACY_VALUE',
'Maximum model space distance between geometric entities at asserted c
onnectivities');
#2449=UNCERTAINTY_MEASURE_WITH_UNIT(LENGTH_MEASURE(0.01),#2452,
'DISTANCE_ACCURACY_VALUE',
'Maximum model space distance between geometric entities at asserted c
onnectivities');
#2450=(
GEOMETRIC_REPRESENTATION_CONTEXT(3)
GLOBAL_UNCERTAINTY_ASSIGNED_CONTEXT((#2448))
GLOBAL_UNIT_ASSIGNED_CONTEXT((#2452,#2454,#2455))
REPRESENTATION_CONTEXT('','3D')
);
#2451=(
GEOMETRIC_REPRESENTATION_CONTEXT(3)
GLOBAL_UNCERTAINTY_ASSIGNED_CONTEXT((#2449))
GLOBAL_UNIT_ASSIGNED_CONTEXT((#2452,#2454,#2455))
REPRESENTATION_CONTEXT('','3D')
);
#2452=(
LENGTH_UNIT()
NAMED_UNIT(*)
SI_UNIT(.MILLI.,.METRE.)
);
#2453=(
LENGTH_UNIT()
NAMED_UNIT(*)
SI_UNIT($,.METRE.)
);
#2454=(
NAMED_UNIT(*)
PLANE_ANGLE_UNIT()
SI_UNIT($,.RADIAN.)
);
#2455=(
NAMED_UNIT(*)
SI_UNIT($,.STERADIAN.)
SOLID_ANGLE_UNIT()
);
#2456=SHAPE_DEFINITION_REPRESENTATION(#2457,#2458);
#2457=PRODUCT_DEFINITION_SHAPE('',$,#2460);
#2458=SHAPE_REPRESENTATION('',(#1492),#2450);
#2459=PRODUCT_DEFINITION_CONTEXT('part definition',#2464,'design');
#2460=PRODUCT_DEFINITION('2026-08-16-16-56-24-291','CASE bottom',#2461,
#2459);
#2461=PRODUCT_DEFINITION_FORMATION('',$,#2466);
#2462=PRODUCT_RELATED_PRODUCT_CATEGORY('CASE bottom','CASE bottom',(#2466));
#2463=APPLICATION_PROTOCOL_DEFINITION('international standard',
'automotive_design',2009,#2464);
#2464=APPLICATION_CONTEXT(
'Core Data for Automotive Mechanical Design Process');
#2465=PRODUCT_CONTEXT('part definition',#2464,'mechanical');
#2466=PRODUCT('2026-08-16-16-56-24-291','CASE bottom',$,(#2465));
#2467=PRESENTATION_STYLE_ASSIGNMENT((#2468));
#2468=SURFACE_STYLE_USAGE(.BOTH.,#2469);
#2469=SURFACE_SIDE_STYLE('',(#2470));
#2470=SURFACE_STYLE_FILL_AREA(#2471);
#2471=FILL_AREA_STYLE('Steel - Satin',(#2472));
#2472=FILL_AREA_STYLE_COLOUR('Steel - Satin',#2473);
#2473=COLOUR_RGB('Steel - Satin',0.627450980392157,0.627450980392157,0.627450980392157);
ENDSEC;
END-ISO-10303-21;
